data,data,data,data,data,data,data,data,data,data,data,data,data,data,data,data,data
3953,3954,3954,3954,3954,3951,3951,3953,3953,3954,3954,3956,3956,3953,3953,3956,3956
3738,3741,3741,3741,3741,3737,3737,3740,3740,3738,3738,3739,3739,3739,3739,3740,3740
2608,2622,2622,2640,2640,2616,2616,2624,2624,2603,2603,2592,2592,2576,2576,2610,2610
2194,2262,2262,2263,2263,2198,2198,2248,2248,2244,2244,2282,2282,2322,2322,2225,2225
2047,1910,1910,1982,1982,1999,1999,1987,1987,2031,2031,2077,2077,1916,1916,1904,1904
1826,1857,1857,1972,1972,1971,1971,1824,1824,1968,1968,1932,1932,1886,1886,2011,2011
1821,1904,1904,1739,1739,1944,1944,1932,1932,1750,1750,1867,1867,1873,1873,1859,1859
1717,1805,1805,1718,1718,1778,1778,1845,1845,1697,1697,1676,1676,1703,1703,1855,1855
1815,1635,1635,1578,1578,1691,1691,1753,1753,1891,1891,1629,1629,1609,1609,1801,1801
1937,1763,1763,1629,1629,1844,1844,1775,1775,1798,1798,1723,1723,1724,1724,1853,1853
1771,1810,1810,1827,1827,1815,1815,1808,1808,1769,1769,1691,1691,1884,1884,1829,1829
1997,1949,1949,1862,1862,1781,1781,1934,1934,1917,1917,1865,1865,1950,1950,1883,1883
1968,1999,1999,1992,1992,1966,1966,2077,2077,1937,1937,1994,1994,1994,1994,1929,1929
2162,2258,2258,2165,2165,2251,2251,2192,2192,2323,2323,2347,2347,2167,2167,2270,2270
2617,2640,2640,2631,2631,2588,2588,2608,2608,2572,2572,2583,2583,2614,2614,2624,2624
3725,3728,3728,3727,3727,3724,3724,3728,3728,3730,3730,3729,3729,3729,3729,3730,3730
4266,4266,4266,4266,4266,4266,4266,4266,4266,4266,4266,4266,4266,4267,4267,4266,4266
4037,4037,4037,4038,4038,4037,4037,4037,4037,4038,4038,4037,4037,4038,4038,4037,4037
2904,2909,2909,2918,2918,2902,2902,2912,2912,2904,2904,2902,2902,2901,2901,2901,2901
2545,2514,2514,2525,2525,2530,2530,2526,2526,2522,2522,2527,2527,2543,2543,2525,2525
2249,2277,2277,2312,2312,2297,2297,2243,2243,2300,2300,2287,2287,2232,2232,2265,2265
2012,1877,1877,2086,2086,2068,2068,2092,2092,2069,2069,2050,2050,2148,2148,2147,2147
2013,2063,2063,1820,1820,1956,1956,1865,1865,1930,1930,1893,1893,1888,1888,1871,1871
1827,1692,1692,1737,1737,1735,1735,1780,1780,1732,1732,1762,1762,1700,1700,1825,1825
1643,1666,1666,1578,1578,1768,1768,1667,1667,1882,1882,1730,1730,1713,1713,1653,1653
1829,1829,1829,1651,1651,1776,1776,1643,1643,1836,1836,1802,1802,1663,1663,1856,1856
1907,1930,1930,1987,1987,1847,1847,1953,1953,1816,1816,1915,1915,1840,1840,1865,1865
2050,2046,2046,2070,2070,1960,1960,2030,2030,2040,2040,2072,2072,2109,2109,2090,2090
2281,2292,2292,2272,2272,2280,2280,2292,2292,2242,2242,2237,2237,2257,2257,2235,2235
2517,2510,2510,2496,2496,2513,2513,2511,2511,2552,2552,2565,2565,2508,2508,2544,2544
2910,2917,2917,2916,2916,2910,2910,2903,2903,2896,2896,2898,2898,2912,2912,2911,2911
4039,4040,4040,4040,4040,4040,4040,4040,4040,4040,4040,4040,4040,4040,4040,4040,4040
4143,4143,4143,4143,4143,4143,4143,4143,4143,4143,4143,4143,4143,4143,4143,4143,4143
3927,3926,3926,3928,3928,3928,3928,3927,3927,3927,3927,3928,3928,3928,3928,3928,3928
2802,2802,2802,2806,2806,2803,2803,2793,2793,2797,2797,2799,2799,2803,2803,2796,2796
2430,2390,2390,2409,2409,2390,2390,2414,2414,2416,2416,2413,2413,2410,2410,2415,2415
2129,2182,2182,2141,2141,2203,2203,2133,2133,2163,2163,2172,2172,2154,2154,2184,2184
1854,1848,1848,1930,1930,2012,2012,2007,2007,1950,1950,1928,1928,2077,2077,2003,2003
1885,1928,1928,1690,1690,1820,1820,1786,1786,1789,1789,1692,1692,1736,1736,1772,1772
1871,1740,1740,1769,1769,1714,1714,1607,1607,1583,1583,1791,1791,1643,1643,1755,1755
1772,1686,1686,1650,1650,1748,1748,1632,1632,1690,1690,1705,1705,1757,1757,1685,1685
1797,1727,1727,1704,1704,1702,1702,1561,1561,1700,1700,1697,1697,1750,1750,1761,1761
1813,1687,1687,1799,1799,1643,1643,1870,1870,1842,1842,1778,1778,1611,1611,1811,1811
1977,1977,1977,1906,1906,1958,1958,1923,1923,1990,1990,1914,1914,1931,1931,1952,1952
2087,2202,2202,2173,2173,2174,2174,2164,2164,2133,2133,2195,2195,2161,2161,2114,2114
2432,2341,2341,2380,2380,2390,2390,2387,2387,2403,2403,2403,2403,2409,2409,2431,2431
2793,2810,2810,2816,2816,2790,2790,2802,2802,2794,2794,2804,2804,2796,2796,2802,2802
3925,3925,3925,3927,3927,3926,3926,3927,3927,3926,3926,3926,3926,3926,3926,3926,3926
3801,3801,3801,3803,3803,3801,3801,3803,3803,3803,3803,3803,3803,3805,3805,3803,3803
3580,3583,3583,3585,3585,3584,3584,3582,3582,3583,3583,3585,3585,3586,3586,3585,3585
2471,2488,2488,2491,2491,2430,2430,2454,2454,2439,2439,2482,2482,2478,2478,2483,2483
2108,2043,2043,1979,1979,2171,2171,2090,2090,2082,2082,2066,2066,2081,2081,2155,2155
1896,1897,1897,1893,1893,1889,1889,1942,1942,1830,1830,1950,1950,1763,1763,1882,1882
1771,1794,1794,1721,1721,1832,1832,1901,1901,1731,1731,1792,1792,1826,1826,1757,1757
1826,1717,1717,1848,1848,1723,1723,1664,1664,1606,1606,1663,1663,1659,1659,1822,1822
1765,1735,1735,1751,1751,1669,1669,1550,1550,1691,1691,1684,1684,1648,1648,1741,1741
1746,1713,1713,1706,1706,1693,1693,1667,1667,1685,1685,1662,1662,1668,1668,1754,1754
1706,1595,1595,1700,1700,1775,1775,1688,1688,1646,1646,1685,1685,1735,1735,1726,1726
1733,1797,1797,1587,1587,1669,1669,1758,1758,1632,1632,1728,1728,1697,1697,1725,1725
1790,1636,1636,1557,1557,1725,1725,1784,1784,1796,1796,1738,1738,1796,1796,1815,1815
1821,1951,1951,1973,1973,1766,1766,1807,1807,1792,1792,1901,1901,1991,1991,1869,1869
2156,2078,2078,2057,2057,2113,2113,2030,2030,2174,2174,2053,2053,1976,1976,2092,2092
2456,2435,2435,2492,2492,2449,2449,2487,2487,2439,2439,2372,2372,2504,2504,2478,2478
3585,3587,3587,3589,3589,3584,3584,3589,3589,3586,3586,3586,3586,3590,3590,3589,3589
3576,3578,3578,3582,3582,3582,3582,3580,3580,3580,3580,3583,3583,3583,3583,3582,3582
3352,3355,3355,3357,3357,3357,3357,3353,3353,3354,3354,3357,3357,3354,3354,3359,3359
2240,2238,2238,2288,2288,2262,2262,2203,2203,2217,2217,2224,2224,2093,2093,2234,2234
1860,1914,1914,1912,1912,1852,1852,1920,1920,1821,1821,1995,1995,2065,2065,1907,1907
1819,1850,1850,1784,1784,1913,1913,1830,1830,1834,1834,1733,1733,1709,1709,1902,1902
1812,1676,1676,1742,1742,1532,1532,1911,1911,1716,1716,1745,1745,1699,1699,1856,1856
1805,1733,1733,1761,1761,1615,1615,1799,1799,1558,1558,1710,1710,1764,1764,1795,1795
1688,1684,1684,1703,1703,1733,1733,1778,1778,1649,1649,1571,1571,1509,1509,1843,1843
1668,1600,1600,1799,1799,1663,1663,1769,1769,1428,1428,1607,1607,1566,1566,1767,1767
1635,1587,1587,1819,1819,1744,1744,1658,1658,1646,1646,1764,1764,1752,1752,1650,1650
1706,1780,1780,1715,1715,1819,1819,1658,1658,1698,1698,1731,1731,1794,1794,1630,1630
1778,1636,1636,1645,1645,1638,1638,1925,1925,1805,1805,1536,1536,1808,1808,1765,1765
1797,1767,1767,1951,1951,1725,1725,1689,1689,1690,1690,1779,1779,1735,1735,1721,1721
1954,1895,1895,1740,1740,1913,1913,1891,1891,1955,1955,1774,1774,1892,1892,1811,1811
2126,2246,2246,2243,2243,2157,2157,2239,2239,2265,2265,2175,2175,2240,2240,2234,2234
3352,3356,3356,3362,3362,3356,3356,3359,3359,3360,3360,3356,3356,3361,3361,3362,3362
3036,3037,3037,3038,3038,3041,3041,3041,3041,3048,3048,3041,3041,3039,3039,3035,3035
2805,2820,2820,2820,2820,2834,2834,2833,2833,2836,2836,2828,2828,2830,2830,2810,2810
1782,1826,1826,1911,1911,1878,1878,1816,1816,1925,1925,1776,1776,1749,1749,1841,1841
1745,1767,1767,1781,1781,1628,1628,1731,1731,1728,1728,1750,1750,1691,1691,1788,1788
1818,1752,1752,1739,1739,1875,1875,1882,1882,1800,1800,1657,1657,1646,1646,1740,1740
1763,1787,1787,1945,1945,1728,1728,1938,1938,1689,1689,1689,1689,1745,1745,1761,1761
1760,1710,1710,1896,1896,1586,1586,1747,1747,1664,1664,1746,1746,1792,1792,1712,1712
1847,1606,1606,1799,1799,1672,1672,1780,1780,1734,1734,1611,1611,1613,1613,1697,1697
1769,1769,1769,1796,1796,1624,1624,1895,1895,1645,1645,1772,1772,1711,1711,1772,1772
1725,1753,1753,1768,1768,1699,1699,1756,1756,1705,1705,1725,1725,1778,1778,1776,1776
1624,1833,1833,1805,1805,1726,1726,1798,1798,1697,1697,1636,1636,1780,1780,1551,1551
1713,1851,1851,1823,1823,1730,1730,1858,1858,1747,1747,1787,1787,1744,1744,1605,1605
1757,1854,1854,1892,1892,1850,1850,1887,1887,1799,1799,1728,1728,1801,1801,1776,1776
1603,1653,1653,1826,1826,1768,1768,1855,1855,1844,1844,1694,1694,1623,1623,1846,1846
1860,1873,1873,1951,1951,1863,1863,1740,1740,1776,1776,1852,1852,1893,1893,1788,1788
2820,2823,2823,2835,2835,2833,2833,2829,2829,2830,2830,2828,2828,2826,2826,2818,2818
2379,2388,2388,2446,2446,2449,2449,2400,2400,2500,2500,2460,2460,2433,2433,2425,2425
2091,2169,2169,2218,2218,2270,2270,2280,2280,2323,2323,2270,2270,2193,2193,2244,2244
1633,1580,1580,1874,1874,1717,1717,1896,1896,1820,1820,1704,1704,1829,1829,1774,1774
1616,1702,1702,1875,1875,1758,1758,1723,1723,1777,1777,1776,1776,1856,1856,1741,1741
1830,1791,1791,1659,1659,1781,1781,1821,1821,1902,1902,1839,1839,1725,1725,1822,1822
1775,1705,1705,1820,1820,1533,1533,1853,1853,1738,1738,1825,1825,1686,1686,1882,1882
1829,1784,1784,1819,1819,1661,1661,1707,1707,1613,1613,1733,1733,1780,1780,1729,1729
1823,1798,1798,1790,1790,1673,1673,1729,1729,1739,1739,1657,1657,1689,1689,1841,1841
1657,1695,1695,1902,1902,1797,1797,1889,1889,1671,1671,1797,1797,1589,1589,1717,1717
1715,1831,1831,1805,1805,1864,1864,1870,1870,1800,1800,1759,1759,1803,1803,1778,1778
1637,1829,1829,1844,1844,1631,1631,1671,1671,1853,1853,1816,1816,1809,1809,1714,1714
1809,1928,1928,1827,1827,1733,1733,1807,1807,1879,1879,1794,1794,1872,1872,1723,1723
1792,1924,1924,1875,1875,1758,1758,1847,1847,1792,1792,1734,1734,1935,1935,1727,1727
1770,1851,1851,1856,1856,1571,1571,1827,1827,1842,1842,1665,1665,1817,1817,1779,1779
1852,1691,1691,1790,1790,1519,1519,1876,1876,1656,1656,1794,1794,1788,1788,1723,1723
2193,2259,2259,2277,2277,2225,2225,2195,2195,2261,2261,2219,2219,2231,2231,2254,2254
2231,2331,2331,2329,2329,2328,2328,2260,2260,2343,2343,2323,2323,2271,2271,2285,2285
1939,2161,2161,2086,2086,2218,2218,1975,1975,2121,2121,2113,2113,2063,2063,2176,2176
1781,1811,1811,1820,1820,1819,1819,1950,1950,1806,1806,1859,1859,1745,1745,1892,1892
1772,1714,1714,1892,1892,1712,1712,1774,1774,1788,1788,1668,1668,1841,1841,1811,1811
1876,1683,1683,1741,1741,1745,1745,1727,1727,1864,1864,1732,1732,1879,1879,1782,1782
1901,1729,1729,1749,1749,1843,1843,1789,1789,1825,1825,1865,1865,1861,1861,1824,1824
1909,1785,1785,1721,1721,1849,1849,1813,1813,1635,1635,1835,1835,1851,1851,1821,1821
1983,1843,1843,1731,1731,1738,1738,1765,1765,1736,1736,1806,1806,1787,1787,1996,1996
1843,1691,1691,1894,1894,1849,1849,1831,1831,1907,1907,1576,1576,1768,1768,2029,2029
1528,1783,1783,1963,1963,1946,1946,1823,1823,1911,1911,1580,1580,1769,1769,1970,1970
1777,1872,1872,1880,1880,1894,1894,1713,1713,1899,1899,1789,1789,1836,1836,1890,1890
1854,1827,1827,1787,1787,1816,1816,1790,1790,1834,1834,1885,1885,1851,1851,1779,1779
1876,1781,1781,1762,1762,1830,1830,1878,1878,1730,1730,1800,1800,1871,1871,1768,1768
1910,1723,1723,1678,1678,1708,1708,1762,1762,1838,1838,1657,1657,1799,1799,1784,1784
1711,1874,1874,1781,1781,1574,1574,1773,1773,1769,1769,1773,1773,1726,1726,1840,1840
2100,2126,2126,2125,2125,2074,2074,2041,2041,2096,2096,2189,2189,2094,2094,2087,2087
2097,2140,2140,2058,2058,2129,2129,2157,2157,1751,1751,2034,2034,2189,2189,2056,2056
1921,1986,1986,2028,2028,2014,2014,2101,2101,1845,1845,1957,1957,2030,2030,1987,1987
1764,1813,1813,1822,1822,1908,1908,2003,2003,1705,1705,1848,1848,1836,1836,1909,1909
1848,1861,1861,1766,1766,1852,1852,1961,1961,1686,1686,1720,1720,1567,1567,1905,1905
1787,1788,1788,1869,1869,1873,1873,1833,1833,1670,1670,1808,1808,1834,1834,1839,1839
1925,1796,1796,1839,1839,1885,1885,1785,1785,1872,1872,1892,1892,1974,1974,1700,1700
1901,1878,1878,1724,1724,1844,1844,1755,1755,1793,1793,1949,1949,1844,1844,1710,1710
1895,1849,1849,1819,1819,1772,1772,1796,1796,1887,1887,1882,1882,1745,1745,1874,1874
1748,1892,1892,1940,1940,1677,1677,1933,1933,1927,1927,1666,1666,1867,1867,1824,1824
1683,1849,1849,1971,1971,1795,1795,1884,1884,1974,1974,1690,1690,1850,1850,1688,1688
1801,1889,1889,1936,1936,1897,1897,1588,1588,1918,1918,1774,1774,1699,1699,1750,1750
1854,1828,1828,1869,1869,1949,1949,1788,1788,1822,1822,1967,1967,1679,1679,1840,1840
1829,1855,1855,1802,1802,1971,1971,1809,1809,1698,1698,1893,1893,1789,1789,1772,1772
1787,1802,1802,1679,1679,1834,1834,1825,1825,1803,1803,1848,1848,1823,1823,1867,1867
1859,1821,1821,1912,1912,1732,1732,1780,1780,1710,1710,1754,1754,1715,1715,1903,1903
1925,2035,2035,1999,1999,1956,1956,1892,1892,1890,1890,1910,1910,2018,2018,1851,1851
2087,2019,2019,2133,2133,2076,2076,2103,2103,2117,2117,2128,2128,2037,2037,2013,2013
1876,1891,1891,1939,1939,1892,1892,2053,2053,1952,1952,1909,1909,1875,1875,1905,1905
1897,1905,1905,1812,1812,1855,1855,1872,1872,1811,1811,1887,1887,1735,1735,1927,1927
1911,1750,1750,1860,1860,1728,1728,1955,1955,1806,1806,1854,1854,1713,1713,1895,1895
1776,1827,1827,1948,1948,1829,1829,1904,1904,1705,1705,1889,1889,1810,1810,1896,1896
1854,1961,1961,1916,1916,1679,1679,1718,1718,1887,1887,1722,1722,2002,2002,1622,1622
1800,1956,1956,1901,1901,1858,1858,1809,1809,1931,1931,1832,1832,1866,1866,1727,1727
1798,1943,1943,1853,1853,1826,1826,1924,1924,1884,1884,1917,1917,1742,1742,1832,1832
1780,1893,1893,1946,1946,1795,1795,1913,1913,1916,1916,1812,1812,1881,1881,1795,1795
1739,1903,1903,1959,1959,1826,1826,1867,1867,1921,1921,1835,1835,1973,1973,1677,1677
1861,1929,1929,1977,1977,1828,1828,1874,1874,1827,1827,1819,1819,1926,1926,1658,1658
1786,1770,1770,1894,1894,1854,1854,1923,1923,1766,1766,1868,1868,1831,1831,1820,1820
1846,1896,1896,1792,1792,1885,1885,1953,1953,1736,1736,1850,1850,1798,1798,1931,1931
1806,1885,1885,1793,1793,1814,1814,1864,1864,1794,1794,1772,1772,1862,1862,1821,1821
1947,1639,1639,1928,1928,1767,1767,1770,1770,1780,1780,1908,1908,1740,1740,1840,1840
2015,1844,1844,1968,1968,2024,2024,1903,1903,1997,1997,1977,1977,1890,1890,1930,1930
2143,2061,2061,2102,2102,2135,2135,1950,1950,2260,2260,2113,2113,2095,2095,2240,2240
2011,1994,1994,1999,1999,2035,2035,1775,1775,2122,2122,2008,2008,1974,1974,2103,2103
1905,1872,1872,1904,1904,1891,1891,1849,1849,2012,2012,2031,2031,1786,1786,1904,1904
1919,1920,1920,1912,1912,2005,2005,2013,2013,2022,2022,1921,1921,1695,1695,1951,1951
1869,1965,1965,1964,1964,1911,1911,1892,1892,1762,1762,1902,1902,1820,1820,1932,1932
1897,2007,2007,1937,1937,1868,1868,1830,1830,1841,1841,1903,1903,1993,1993,1739,1739
1780,1887,1887,1877,1877,1837,1837,1821,1821,1868,1868,1830,1830,1955,1955,1738,1738
1894,1872,1872,1664,1664,1811,1811,1813,1813,1921,1921,1900,1900,1909,1909,1813,1813
1977,1885,1885,1846,1846,1852,1852,1854,1854,1767,1767,1938,1938,1939,1939,1747,1747
1897,1792,1792,1924,1924,1710,1710,1849,1849,1805,1805,1961,1961,2019,2019,1756,1756
1875,1922,1922,1975,1975,1919,1919,1849,1849,1815,1815,1798,1798,1922,1922,1726,1726
1865,1717,1717,1895,1895,1874,1874,1896,1896,1792,1792,1902,1902,1923,1923,1782,1782
1851,1755,1755,1881,1881,1776,1776,1951,1951,1726,1726,1917,1917,1845,1845,1807,1807
1971,1639,1639,1856,1856,1890,1890,1991,1991,1853,1853,1744,1744,1847,1847,1694,1694
1940,1668,1668,1849,1849,1857,1857,1928,1928,1926,1926,1753,1753,1755,1755,1736,1736
1971,1878,1878,1966,1966,2031,2031,1953,1953,2147,2147,1837,1837,1791,1791,2021,2021
2361,2337,2337,2419,2419,2421,2421,2406,2406,2370,2370,2432,2432,2376,2376,2365,2365
2260,2200,2200,2266,2266,2266,2266,2129,2129,2111,2111,2218,2218,2198,2198,2142,2142
1948,1867,1867,1877,1877,1968,1968,1837,1837,1933,1933,2064,2064,1817,1817,2042,2042
1845,1911,1911,1770,1770,1885,1885,1770,1770,2009,2009,1978,1978,1736,1736,2074,2074
1857,1877,1877,1856,1856,1954,1954,1866,1866,1881,1881,1892,1892,1913,1913,1920,1920
1904,1855,1855,1836,1836,1895,1895,1898,1898,1859,1859,1910,1910,1983,1983,1849,1849
2006,1846,1846,1878,1878,1689,1689,1837,1837,1872,1872,1905,1905,1907,1907,1702,1702
1844,1806,1806,1830,1830,1922,1922,1890,1890,2036,2036,1843,1843,1853,1853,1723,1723
1866,1782,1782,1754,1754,1850,1850,1803,1803,1975,1975,1973,1973,1916,1916,1705,1705
1948,1935,1935,1785,1785,1824,1824,1802,1802,1836,1836,1904,1904,2032,2032,1885,1885
1824,1979,1979,1999,1999,1916,1916,1870,1870,1924,1924,1864,1864,1892,1892,1826,1826
1764,1871,1871,2020,2020,1909,1909,1721,1721,1934,1934,1989,1989,1799,1799,1831,1831
1906,1894,1894,1998,1998,1840,1840,1853,1853,1859,1859,1929,1929,1904,1904,1846,1846
1935,1844,1844,1886,1886,1968,1968,2000,2000,1920,1920,1902,1902,1900,1900,1864,1864
1994,1907,1907,1780,1780,2036,2036,1900,1900,1970,1970,1873,1873,1864,1864,1736,1736
2131,2137,2137,2122,2122,2257,2257,2170,2170,2207,2207,2281,2281,2197,2197,2082,2082
2395,2408,2408,2481,2481,2416,2416,2383,2383,2456,2456,2439,2439,2488,2488,2431,2431
2144,2167,2167,2358,2358,2213,2213,2167,2167,2251,2251,2051,2051,2266,2266,2212,2212
1923,2000,2000,1862,1862,1908,1908,1981,1981,1960,1960,2012,2012,1955,1955,2081,2081
1882,1992,1992,1907,1907,1847,1847,2043,2043,1963,1963,2020,2020,1764,1764,2062,2062
1798,1968,1968,1845,1845,1926,1926,2020,2020,1812,1812,1959,1959,1851,1851,2081,2081
1662,2004,2004,1840,1840,1777,1777,1889,1889,1775,1775,2094,2094,1745,1745,1946,1946
1951,1959,1959,1916,1916,1724,1724,1899,1899,1810,1810,2017,2017,1782,1782,1787,1787
1936,1886,1886,1896,1896,1877,1877,1963,1963,1970,1970,1928,1928,1860,1860,1845,1845
1626,2032,2032,1766,1766,1775,1775,1847,1847,1970,1970,1972,1972,2009,2009,1848,1848
1864,1898,1898,1951,1951,1858,1858,1986,1986,1878,1878,1997,1997,1959,1959,1782,1782
1835,1971,1971,2050,2050,1864,1864,1901,1901,1871,1871,1918,1918,1907,1907,1850,1850
1834,1815,1815,2041,2041,1928,1928,1700,1700,1880,1880,1941,1941,1842,1842,1911,1911
1854,1849,1849,2023,2023,1842,1842,1894,1894,1929,1929,1845,1845,1940,1940,1849,1849
1848,1822,1822,1941,1941,1895,1895,1974,1974,1960,1960,1839,1839,1921,1921,1970,1970
1953,2002,2002,1739,1739,1925,1925,1825,1825,1915,1915,1846,1846,1826,1826,2012,2012
2154,2200,2200,2237,2237,2226,2226,2196,2196,2255,2255,2263,2263,2267,2267,2284,2284
2303,2342,2342,2398,2398,2257,2257,2263,2263,2347,2347,2264,2264,2375,2375,2298,2298
2103,2061,2061,2226,2226,2087,2087,2093,2093,2017,2017,2177,2177,2251,2251,2012,2012
1859,1932,1932,1856,1856,1803,1803,1983,1983,1984,1984,1835,1835,1771,1771,2047,2047
1897,1943,1943,1890,1890,1931,1931,2063,2063,2055,2055,1921,1921,1847,1847,1954,1954
1543,1942,1942,1772,1772,1947,1947,2039,2039,1971,1971,1905,1905,1750,1750,1937,1937
1924,1931,1931,1873,1873,1895,1895,1949,1949,1773,1773,1983,1983,1872,1872,1866,1866
1980,1760,1760,1950,1950,1883,1883,1937,1937,1945,1945,2012,2012,2007,2007,1778,1778
1748,1769,1769,1994,1994,1845,1845,1898,1898,2060,2060,1912,1912,1945,1945,1895,1895
1915,1895,1895,1860,1860,1861,1861,1902,1902,1996,1996,1930,1930,2024,2024,2000,2000
1847,1872,1872,1824,1824,1741,1741,1862,1862,1773,1773,1870,1870,1972,1972,1992,1992
1938,1843,1843,1905,1905,1855,1855,1713,1713,1877,1877,1910,1910,1845,1845,1799,1799
1971,1525,1525,1976,1976,1840,1840,1671,1671,1878,1878,1859,1859,1846,1846,1845,1845
1839,1807,1807,1836,1836,1881,1881,1848,1848,2023,2023,1870,1870,1834,1834,1887,1887
1758,1704,1704,2043,2043,1829,1829,1805,1805,2003,2003,1844,1844,1990,1990,1995,1995
1787,1947,1947,2011,2011,1907,1907,1809,1809,1845,1845,1880,1880,1966,1966,2079,2079
2085,2209,2209,2221,2221,2204,2204,2027,2027,2201,2201,2145,2145,2048,2048,2120,2120
2014,1886,1886,2092,2092,2156,2156,2101,2101,2148,2148,1915,1915,2044,2044,2069,2069
1855,1882,1882,2021,2021,1893,1893,1968,1968,2002,2002,1938,1938,2001,2001,1879,1879
1873,1842,1842,1898,1898,1699,1699,1856,1856,1906,1906,1956,1956,1793,1793,1884,1884
1930,1969,1969,1796,1796,1825,1825,1974,1974,2017,2017,1953,1953,1650,1650,1882,1882
1790,2049,2049,1969,1969,1934,1934,2009,2009,2012,2012,1853,1853,1714,1714,1965,1965
1887,1948,1948,1955,1955,1906,1906,1972,1972,1868,1868,1879,1879,1865,1865,1898,1898
1924,1799,1799,2050,2050,1929,1929,1715,1715,1966,1966,1856,1856,1972,1972,1780,1780
1785,1768,1768,2050,2050,1822,1822,1825,1825,2057,2057,1955,1955,1911,1911,1895,1895
1885,1800,1800,1935,1935,1925,1925,1791,1791,2007,2007,1928,1928,1969,1969,1991,1991
1778,1869,1869,1795,1795,1793,1793,1681,1681,1861,1861,1820,1820,1988,1988,1900,1900
1817,1943,1943,1770,1770,1790,1790,1793,1793,1882,1882,1913,1913,1912,1912,1959,1959
1927,1835,1835,1934,1934,1723,1723,1801,1801,1979,1979,1925,1925,1872,1872,1832,1832
1870,1985,1985,1994,1994,1874,1874,1887,1887,2036,2036,1868,1868,1738,1738,1886,1886
1881,1887,1887,2014,2014,1942,1942,1790,1790,1888,1888,1935,1935,1980,1980,1803,1803
1891,1973,1973,1913,1913,1815,1815,1975,1975,1874,1874,1796,1796,1968,1968,1881,1881
1871,2049,2049,1927,1927,2024,2024,2039,2039,1984,1984,1993,1993,1889,1889,2021,2021
1990,2017,2017,2038,2038,2077,2077,2139,2139,2065,2065,2013,2013,2033,2033,2142,2142
1877,1994,1994,1914,1914,1979,1979,2057,2057,2081,2081,1878,1878,1967,1967,1941,1941
1855,1923,1923,1792,1792,1994,1994,1956,1956,1983,1983,1740,1740,1794,1794,1768,1768
2010,1957,1957,1782,1782,1979,1979,1929,1929,2001,2001,1897,1897,1580,1580,1946,1946
1738,2077,2077,2004,2004,1670,1670,1969,1969,1949,1949,1937,1937,1826,1826,1846,1846
1905,2015,2015,2094,2094,1794,1794,1894,1894,1962,1962,1829,1829,1996,1996,1876,1876
1924,1972,1972,2096,2096,1964,1964,1832,1832,2050,2050,1901,1901,1995,1995,1875,1875
1789,1877,1877,1937,1937,1883,1883,1885,1885,2020,2020,1909,1909,1907,1907,1989,1989
1873,1981,1981,1986,1986,1941,1941,1832,1832,1945,1945,1837,1837,2048,2048,1923,1923
1669,1934,1934,1942,1942,1944,1944,1839,1839,1930,1930,1750,1750,1985,1985,1947,1947
1760,1898,1898,1882,1882,1933,1933,1933,1933,1934,1934,1882,1882,1930,1930,1983,1983
1843,1884,1884,1960,1960,1780,1780,1894,1894,1974,1974,1950,1950,1848,1848,1947,1947
1796,2071,2071,1978,1978,1806,1806,1946,1946,2023,2023,1885,1885,1638,1638,1887,1887
1913,2116,2116,1963,1963,1879,1879,2085,2085,1960,1960,1936,1936,1840,1840,1804,1804
1997,2073,2073,1761,1761,1908,1908,2084,2084,1955,1955,1843,1843,1903,1903,1894,1894
1877,2007,2007,1930,1930,1935,1935,2049,2049,2043,2043,1907,1907,2064,2064,2022,2022
2069,2175,2175,2186,2186,2148,2148,2085,2085,2051,2051,1915,1915,2026,2026,1932,1932
1991,1993,1993,2013,2013,2048,2048,2092,2092,1883,1883,2047,2047,2032,2032,1781,1781
1951,1992,1992,1740,1740,2086,2086,2082,2082,1953,1953,1968,1968,1816,1816,1872,1872
2086,2063,2063,1802,1802,1954,1954,2033,2033,1978,1978,1966,1966,1766,1766,1892,1892
1999,1971,1971,1871,1871,1799,1799,1928,1928,1902,1902,2017,2017,1693,1693,1851,1851
1961,1829,1829,2111,2111,1867,1867,1927,1927,1968,1968,1916,1916,1905,1905,1753,1753
1991,1965,1965,2127,2127,1951,1951,1853,1853,1961,1961,1922,1922,1993,1993,1741,1741
1914,1934,1934,1926,1926,1938,1938,1805,1805,1960,1960,1959,1959,1972,1972,1796,1796
1919,1956,1956,2034,2034,1859,1859,1935,1935,1863,1863,1782,1782,2017,2017,1873,1873
1917,1954,1954,1895,1895,1988,1988,1903,1903,1972,1972,1773,1773,2035,2035,1942,1942
1957,1888,1888,1911,1911,1848,1848,1895,1895,1973,1973,1786,1786,1870,1870,2002,2002
1881,1988,1988,2035,2035,1823,1823,2014,2014,2010,2010,1837,1837,1745,1745,1897,1897
1855,1981,1981,1975,1975,1809,1809,1828,1828,1957,1957,1961,1961,1811,1811,1751,1751
1920,2177,2177,1915,1915,1961,1961,2031,2031,1922,1922,2058,2058,1878,1878,1974,1974
1821,2117,2117,1872,1872,1898,1898,2003,2003,1929,1929,1983,1983,1920,1920,1909,1909
2020,2129,2129,1922,1922,2030,2030,1956,1956,2092,2092,1937,1937,1820,1820,1819,1819
2037,2208,2208,2137,2137,2127,2127,2193,2193,2045,2045,2079,2079,2111,2111,2044,2044
2048,2076,2076,2067,2067,2018,2018,2094,2094,1965,1965,1976,1976,1924,1924,2041,2041
2001,1866,1866,1867,1867,2045,2045,1934,1934,1982,1982,2008,2008,1953,1953,2008,2008
1997,2027,2027,1827,1827,2089,2089,1865,1865,2010,2010,2071,2071,2027,2027,2004,2004
1957,1960,1960,1946,1946,2022,2022,1980,1980,1929,1929,2016,2016,1956,1956,1926,1926
1965,1971,1971,2015,2015,1853,1853,1940,1940,1915,1915,1872,1872,1863,1863,1842,1842
1978,1952,1952,2021,2021,1981,1981,1949,1949,1941,1941,1982,1982,1856,1856,1695,1695
1802,2008,2008,1864,1864,2067,2067,1928,1928,1947,1947,1989,1989,1914,1914,1907,1907
1769,1979,1979,2011,2011,2087,2087,1925,1925,1901,1901,1835,1835,2045,2045,1890,1890
1915,2023,2023,1913,1913,1980,1980,1900,1900,1859,1859,1988,1988,1907,1907,1837,1837
1989,1917,1917,1924,1924,1946,1946,1958,1958,1858,1858,1865,1865,1943,1943,1951,1951
1951,1933,1933,2058,2058,1915,1915,1974,1974,1938,1938,1812,1812,1933,1933,2002,2002
1925,2068,2068,1929,1929,1936,1936,1820,1820,1860,1860,1852,1852,1965,1965,2023,2023
1864,2058,2058,1930,1930,2094,2094,1931,1931,1784,1784,1926,1926,1872,1872,1992,1992
1876,2056,2056,1837,1837,2024,2024,1921,1921,1934,1934,1991,1991,1862,1862,1941,1941
2070,2129,2129,1998,1998,1993,1993,2071,2071,2067,2067,2038,2038,1923,1923,1899,1899
2552,2550,2550,2558,2558,2498,2498,2548,2548,2367,2367,2540,2540,2540,2540,2464,2464
2276,2396,2396,2340,2340,2310,2310,2389,2389,2292,2292,2332,2332,2426,2426,2274,2274
1954,1964,1964,1991,1991,2030,2030,1910,1910,2045,2045,1858,1858,1962,1962,1987,1987
2017,2095,2095,1908,1908,2060,2060,1804,1804,2031,2031,1950,1950,2124,2124,2051,2051
1973,2030,2030,1941,1941,2052,2052,1951,1951,1945,1945,1903,1903,2093,2093,2046,2046
2001,2034,2034,1951,1951,1949,1949,1877,1877,1848,1848,1893,1893,1870,1870,1796,1796
2005,1974,1974,1954,1954,1989,1989,1901,1901,1862,1862,2086,2086,1808,1808,1955,1955
1926,2071,2071,1878,1878,2110,2110,1942,1942,1987,1987,2026,2026,1855,1855,1988,1988
1989,1994,1994,2030,2030,2078,2078,1957,1957,2043,2043,1891,1891,1983,1983,1940,1940
1931,2061,2061,1987,1987,2036,2036,1866,1866,2046,2046,2043,2043,1990,1990,1930,1930
1976,1891,1891,1820,1820,2057,2057,1954,1954,1818,1818,1908,1908,1861,1861,1981,1981
1977,1981,1981,1968,1968,1983,1983,1974,1974,1990,1990,1922,1922,1964,1964,1987,1987
1963,1986,1986,2036,2036,2035,2035,1893,1893,1857,1857,1911,1911,1937,1937,2021,2021
2056,1924,1924,2053,2053,2060,2060,2026,2026,1889,1889,1903,1903,1898,1898,2001,2001
2033,2000,2000,2034,2034,1929,1929,1825,1825,2013,2013,1944,1944,1925,1925,1845,1845
2342,2410,2410,2370,2370,2351,2351,2293,2293,2330,2330,2279,2279,2235,2235,2322,2322
2903,2912,2912,2908,2908,2893,2893,2894,2894,2879,2879,2881,2881,2924,2924,2873,2873
2646,2673,2673,2657,2657,2650,2650,2654,2654,2649,2649,2651,2651,2736,2736,2632,2632
1974,1911,1911,2021,2021,1939,1939,1978,1978,1814,1814,1903,1903,2064,2064,2001,2001
2036,2143,2143,2063,2063,2100,2100,1868,1868,2024,2024,1843,1843,2009,2009,2012,2012
1978,2130,2130,1993,1993,2010,2010,2044,2044,1998,1998,1968,1968,2070,2070,2008,2008
1895,2036,2036,1872,1872,1971,1971,1940,1940,2083,2083,1996,1996,1999,1999,1933,1933
1993,1912,1912,1937,1937,2014,2014,1961,1961,2055,2055,2137,2137,1934,1934,1988,1988
2029,2101,2101,1946,1946,2051,2051,1931,1931,1657,1657,2163,2163,2024,2024,1999,1999
2070,1797,1797,1870,1870,1977,1977,1917,1917,1925,1925,2052,2052,2090,2090,1976,1976
1973,2016,2016,1977,1977,2101,2101,2012,2012,1922,1922,2080,2080,2048,2048,2072,2072
1930,1992,1992,2003,2003,2046,2046,2039,2039,1951,1951,1944,1944,2046,2046,1996,1996
1822,1953,1953,1933,1933,1895,1895,1994,1994,1912,1912,1963,1963,1974,1974,1880,1880
1970,1895,1895,2069,2069,2090,2090,2002,2002,1917,1917,2066,2066,1770,1770,1938,1938
2042,1854,1854,2075,2075,2136,2136,2018,2018,2030,2030,1936,1936,1933,1933,1970,1970
2002,1893,1893,2014,2014,2126,2126,1873,1873,2020,2020,1935,1935,1917,1917,1958,1958
2676,2702,2702,2694,2694,2695,2695,2672,2672,2703,2703,2670,2670,2701,2701,2629,2629
3017,3015,3015,2977,2977,2991,2991,2990,2990,3005,3005,2977,2977,2956,2956,3014,3014
2824,2761,2761,2736,2736,2772,2772,2812,2812,2788,2788,2754,2754,2797,2797,2809,2809
2003,1929,1929,1998,1998,1955,1955,1969,1969,1857,1857,2080,2080,2143,2143,2006,2006
1865,2022,2022,2116,2116,1901,1901,1728,1728,1872,1872,1867,1867,1891,1891,2089,2089
1859,2101,2101,1993,1993,1861,1861,2035,2035,1932,1932,1958,1958,1981,1981,1960,1960
1872,1893,1893,1807,1807,1958,1958,1978,1978,2079,2079,1905,1905,1980,1980,1742,1742
1963,2071,2071,1962,1962,1872,1872,1927,1927,2033,2033,2044,2044,2014,2014,1839,1839
2082,2035,2035,1958,1958,1963,1963,1978,1978,1970,1970,2039,2039,2043,2043,1935,1935
1963,1948,1948,1940,1940,2021,2021,1843,1843,1960,1960,2105,2105,2110,2110,1970,1970
1892,2044,2044,2004,2004,2098,2098,1890,1890,1827,1827,1970,1970,2053,2053,1977,1977
1878,2026,2026,2031,2031,1985,1985,1995,1995,1985,1985,2026,2026,1980,1980,1927,1927
1935,1924,1924,2034,2034,1949,1949,2014,2014,1765,1765,2012,2012,2003,2003,1913,1913
1956,1804,1804,2051,2051,2115,2115,2016,2016,2066,2066,2014,2014,1888,1888,1814,1814
1939,1941,1941,1933,1933,2132,2132,2007,2007,2088,2088,1949,1949,1948,1948,1913,1913
1972,1932,1932,1981,1981,2134,2134,1750,1750,2041,2041,2075,2075,2013,2013,1988,1988
2762,2830,2830,2754,2754,2815,2815,2752,2752,2799,2799,2746,2746,2763,2763,2796,2796
3047,3034,3034,3044,3044,3048,3048,3048,3048,3048,3048,3030,3030,3052,3052,3062,3062
2835,2800,2800,2839,2839,2845,2845,2842,2842,2804,2804,2808,2808,2834,2834,2845,2845
1978,1950,1950,2037,2037,2029,2029,1983,1983,1940,1940,2007,2007,2115,2115,2072,2072
1847,2025,2025,1991,1991,1887,1887,1844,1844,2013,2013,1958,1958,1757,1757,2079,2079
1953,1919,1919,1919,1919,1939,1939,2008,2008,1976,1976,1969,1969,1860,1860,1937,1937
1954,2020,2020,1835,1835,1870,1870,1751,1751,1907,1907,1973,1973,1963,1963,1851,1851
2019,2006,2006,1827,1827,1950,1950,1870,1870,2016,2016,1870,1870,1981,1981,1939,1939
1960,1982,1982,1983,1983,1896,1896,1930,1930,2099,2099,1882,1882,1957,1957,1923,1923
1960,1996,1996,1970,1970,1947,1947,1950,1950,2073,2073,2032,2032,2026,2026,1956,1956
1955,1951,1951,1951,1951,1973,1973,1890,1890,1910,1910,2048,2048,2001,2001,1983,1983
1929,2004,2004,2002,2002,1929,1929,1910,1910,1952,1952,2082,2082,2116,2116,1964,1964
1954,1982,1982,1976,1976,1858,1858,1966,1966,1869,1869,2054,2054,2018,2018,1938,1938
2084,1966,1966,1784,1784,1796,1796,2038,2038,1990,1990,1993,1993,1887,1887,2006,2006
2054,1930,1930,1868,1868,2026,2026,1993,1993,2184,2184,1915,1915,1830,1830,1996,1996
2021,2006,2006,1915,1915,1944,1944,1951,1951,2032,2032,2020,2020,1977,1977,1994,1994
2830,2816,2816,2812,2812,2824,2824,2835,2835,2822,2822,2809,2809,2830,2830,2858,2858
2855,2779,2779,2837,2837,2842,2842,2790,2790,2845,2845,2805,2805,2845,2845,2850,2850
2630,2524,2524,2580,2580,2608,2608,2586,2586,2609,2609,2608,2608,2640,2640,2637,2637
1932,2085,2085,1973,1973,2068,2068,2024,2024,1842,1842,2077,2077,1907,1907,1834,1834
1995,1957,1957,1882,1882,1939,1939,2033,2033,1969,1969,2073,2073,1943,1943,1932,1932
2032,1838,1838,2042,2042,1902,1902,2105,2105,1997,1997,1963,1963,1932,1932,1959,1959
2085,1855,1855,1813,1813,1807,1807,1872,1872,1865,1865,1978,1978,2021,2021,2021,2021
2063,1943,1943,1836,1836,1988,1988,1951,1951,1905,1905,1896,1896,2054,2054,2123,2123
2004,1886,1886,2015,2015,2032,2032,2032,2032,1977,1977,1891,1891,1937,1937,2068,2068
1925,1915,1915,1995,1995,1933,1933,2033,2033,1945,1945,2064,2064,1825,1825,1921,1921
1931,2004,2004,1868,1868,1870,1870,1952,1952,1974,1974,2051,2051,1906,1906,1805,1805
1959,1998,1998,1986,1986,1983,1983,2017,2017,1897,1897,2141,2141,1994,1994,1859,1859
1880,2048,2048,1672,1672,1909,1909,2000,2000,1911,1911,2067,2067,1950,1950,1983,1983
2027,1946,1946,1838,1838,1954,1954,1924,1924,1975,1975,1976,1976,1925,1925,2058,2058
1966,1970,1970,1815,1815,1946,1946,1887,1887,2109,2109,1960,1960,1904,1904,2007,2007
2016,1903,1903,1961,1961,1979,1979,2016,2016,2047,2047,1885,1885,1930,1930,1983,1983
2603,2559,2559,2608,2608,2619,2619,2624,2624,2639,2639,2584,2584,2649,2649,2594,2594
2666,2637,2637,2687,2687,2704,2704,2655,2655,2643,2643,2692,2692,2668,2668,2655,2655
2418,2448,2448,2502,2502,2503,2503,2379,2379,2345,2345,2520,2520,2407,2407,2426,2426
1893,2064,2064,1997,1997,2002,2002,1998,1998,1907,1907,2111,2111,1953,1953,1748,1748
1860,2011,2011,2010,2010,1903,1903,2090,2090,1869,1869,1962,1962,1981,1981,1933,1933
1974,1911,1911,2079,2079,1807,1807,2175,2175,1977,1977,1885,1885,2067,2067,2081,2081
2023,1972,1972,1818,1818,1894,1894,2117,2117,1922,1922,1930,1930,2105,2105,2109,2109
1974,1949,1949,1840,1840,1950,1950,2005,2005,1930,1930,1958,1958,2140,2140,2136,2136
1917,1970,1970,2035,2035,1961,1961,1965,1965,1810,1810,1845,1845,1984,1984,2042,2042
1883,1953,1953,1870,1870,1971,1971,2049,2049,1823,1823,2077,2077,1844,1844,1994,1994
1998,1963,1963,1901,1901,1960,1960,1949,1949,1794,1794,1895,1895,1928,1928,1914,1914
2026,1856,1856,1918,1918,2007,2007,1938,1938,1837,1837,1997,1997,1962,1962,1933,1933
1995,1969,1969,1918,1918,1756,1756,1818,1818,1924,1924,1997,1997,1978,1978,1934,1934
2039,1951,1951,1895,1895,1876,1876,1862,1862,1971,1971,1865,1865,1946,1946,2054,2054
1955,2109,2109,2050,2050,1883,1883,1963,1963,2030,2030,1930,1930,1931,1931,1958,1958
2001,1977,1977,1980,1980,1952,1952,2114,2114,2144,2144,1916,1916,1845,1845,1961,1961
2388,2461,2461,2465,2465,2487,2487,2506,2506,2453,2453,2455,2455,2473,2473,2425,2425
2710,2743,2743,2704,2704,2692,2692,2692,2692,2604,2604,2729,2729,2718,2718,2710,2710
2519,2550,2550,2458,2458,2346,2346,2468,2468,2464,2464,2548,2548,2514,2514,2524,2524
2060,2047,2047,1864,1864,1943,1943,2123,2123,2057,2057,2011,2011,1733,1733,1921,1921
1834,1921,1921,1988,1988,1906,1906,2083,2083,1911,1911,1820,1820,1922,1922,2062,2062
1949,1988,1988,1966,1966,2041,2041,2135,2135,2061,2061,1833,1833,1992,1992,2143,2143
1994,1807,1807,1696,1696,1956,1956,2126,2126,1977,1977,1850,1850,1959,1959,2107,2107
1826,1927,1927,1896,1896,1943,1943,2128,2128,1891,1891,1956,1956,1990,1990,2085,2085
1923,1999,1999,1952,1952,1977,1977,1971,1971,1920,1920,1973,1973,1942,1942,1993,1993
1933,1926,1926,1979,1979,1858,1858,2089,2089,1872,1872,2101,2101,1915,1915,1891,1891
1958,1793,1793,1947,1947,1848,1848,2080,2080,1934,1934,2051,2051,1966,1966,1998,1998
2033,1795,1795,1971,1971,1902,1902,2026,2026,1875,1875,1995,1995,2003,2003,1951,1951
1984,1880,1880,1996,1996,1873,1873,1923,1923,1706,1706,1737,1737,2019,2019,1893,1893
2019,1964,1964,1958,1958,1897,1897,1850,1850,1891,1891,1832,1832,1961,1961,1969,1969
2013,2006,2006,2061,2061,1725,1725,1942,1942,2043,2043,1963,1963,1950,1950,1862,1862
1988,1909,1909,1896,1896,1987,1987,2058,2058,1970,1970,1947,1947,2025,2025,1966,1966
2522,2527,2527,2481,2481,2487,2487,2521,2521,2412,2412,2528,2528,2520,2520,2517,2517
2802,2748,2748,2738,2738,2767,2767,2792,2792,2761,2761,2803,2803,2803,2803,2808,2808
2588,2546,2546,2473,2473,2590,2590,2575,2575,2522,2522,2601,2601,2584,2584,2587,2587
1920,1965,1965,2093,2093,2069,2069,2075,2075,1969,1969,2024,2024,1976,1976,2047,2047
1963,1816,1816,1955,1955,1958,1958,2126,2126,2076,2076,1851,1851,2025,2025,2015,2015
1910,1945,1945,1922,1922,1914,1914,1984,1984,2074,2074,1832,1832,2006,2006,2064,2064
2082,1892,1892,1888,1888,1951,1951,2002,2002,2029,2029,1939,1939,1933,1933,2011,2011
2022,1973,1973,1793,1793,2035,2035,2135,2135,1960,1960,1904,1904,1980,1980,1883,1883
1935,1925,1925,1898,1898,2020,2020,2045,2045,1970,1970,1902,1902,1987,1987,1891,1891
2023,1812,1812,2013,2013,1808,1808,2200,2200,2043,2043,1979,1979,1915,1915,1984,1984
1967,1938,1938,2018,2018,2024,2024,2116,2116,1958,1958,2061,2061,1994,1994,2020,2020
1963,1814,1814,1933,1933,2060,2060,2061,2061,1928,1928,2095,2095,1939,1939,1929,1929
1926,2003,2003,1911,1911,1906,1906,1866,1866,1945,1945,1823,1823,1946,1946,1819,1819
2004,1848,1848,1946,1946,1886,1886,1751,1751,1972,1972,1971,1971,1988,1988,1839,1839
1972,1930,1930,1959,1959,1902,1902,1843,1843,1976,1976,2043,2043,1909,1909,1975,1975
2026,1970,1970,2004,2004,2007,2007,1930,1930,1952,1952,1932,1932,1926,1926,2021,2021
2566,2528,2528,2534,2534,2558,2558,2572,2572,2500,2500,2581,2581,2592,2592,2621,2621
3063,3062,3062,3062,3062,3044,3044,3055,3055,3056,3056,3045,3045,3055,3055,3063,3063
2828,2828,2828,2832,2832,2827,2827,2841,2841,2826,2826,2807,2807,2839,2839,2836,2836
2081,1895,1895,2164,2164,2053,2053,2038,2038,1987,1987,1760,1760,2041,2041,2093,2093
1973,1754,1754,1959,1959,1796,1796,2015,2015,1937,1937,1937,1937,2143,2143,1961,1961
1968,1904,1904,2006,2006,1960,1960,2038,2038,2039,2039,1878,1878,1998,1998,1930,1930
2051,1905,1905,1756,1756,1934,1934,2049,2049,1979,1979,1964,1964,1968,1968,1956,1956
2069,1783,1783,1890,1890,2044,2044,2012,2012,1899,1899,1951,1951,2064,2064,1815,1815
1913,1926,1926,2057,2057,2057,2057,2081,2081,1906,1906,1909,1909,2023,2023,1933,1933
1909,2066,2066,1939,1939,1893,1893,2095,2095,1974,1974,1926,1926,2000,2000,2057,2057
1738,2036,2036,1953,1953,2011,2011,1936,1936,1921,1921,1875,1875,1926,1926,1974,1974
1893,2025,2025,1876,1876,2053,2053,2072,2072,1992,1992,2042,2042,2035,2035,1833,1833
2014,2097,2097,1834,1834,2000,2000,1893,1893,2107,2107,2002,2002,2070,2070,1742,1742
1983,1929,1929,2001,2001,1966,1966,1897,1897,2106,2106,2000,2000,2024,2024,2013,2013
1923,1803,1803,2011,2011,1758,1758,1970,1970,1934,1934,2072,2072,1965,1965,2104,2104
1996,1910,1910,2048,2048,1884,1884,1972,1972,2058,2058,1907,1907,1952,1952,2005,2005
2846,2840,2840,2841,2841,2817,2817,2835,2835,2849,2849,2826,2826,2833,2833,2837,2837
3224,3234,3234,3227,3227,3223,3223,3222,3222,3224,3224,3217,3217,3227,3227,3231,3231
2985,3014,3014,2994,2994,2993,2993,2996,2996,2988,2988,2967,2967,3007,3007,3008,3008
2027,2006,2006,2083,2083,2116,2116,2037,2037,2055,2055,1783,1783,2146,2146,2099,2099
1995,1928,1928,2047,2047,1990,1990,2010,2010,1906,1906,1850,1850,1972,1972,1952,1952
1893,1859,1859,1932,1932,1965,1965,1878,1878,1952,1952,1932,1932,1846,1846,1944,1944
1926,1943,1943,1873,1873,1825,1825,1964,1964,1925,1925,1799,1799,1763,1763,1866,1866
2094,1990,1990,1940,1940,1867,1867,1882,1882,2001,2001,1835,1835,1983,1983,1791,1791
1974,2023,2023,1966,1966,2060,2060,1837,1837,1984,1984,2050,2050,2041,2041,1846,1846
1878,2074,2074,2057,2057,1982,1982,1995,1995,1979,1979,1952,1952,2001,2001,1918,1918
1950,2038,2038,1869,1869,1982,1982,1908,1908,2065,2065,1914,1914,1975,1975,1949,1949
1864,1897,1897,1879,1879,2074,2074,1900,1900,2017,2017,1998,1998,1940,1940,1926,1926
1867,1989,1989,1946,1946,2044,2044,1921,1921,2055,2055,2054,2054,1937,1937,1866,1866
1846,1803,1803,1969,1969,2015,2015,1918,1918,2169,2169,1932,1932,2037,2037,1923,1923
1894,2004,2004,2078,2078,1706,1706,1917,1917,1997,1997,2004,2004,2089,2089,1962,1962
2132,2070,2070,2046,2046,1980,1980,2034,2034,1989,1989,2061,2061,2060,2060,1946,1946
3005,3011,3011,2995,2995,2997,2997,2996,2996,3017,3017,2994,2994,2998,2998,3000,3000
3250,3256,3256,3260,3260,3253,3253,3252,3252,3248,3248,3250,3250,3252,3252,3258,3258
3019,3043,3043,3031,3031,3030,3030,3027,3027,3022,3022,3014,3014,3026,3026,3034,3034
2060,2084,2084,2061,2061,2054,2054,2004,2004,2197,2197,2076,2076,1987,1987,2008,2008
1980,2108,2108,2036,2036,2085,2085,1906,1906,1988,1988,2036,2036,1929,1929,1997,1997
1963,1867,1867,1928,1928,1927,1927,1898,1898,1976,1976,2019,2019,1831,1831,2030,2030
1886,1951,1951,2052,2052,1827,1827,2025,2025,2047,2047,1972,1972,1993,1993,1924,1924
1910,1994,1994,1977,1977,2004,2004,2046,2046,2108,2108,1846,1846,2131,2131,1971,1971
1876,2057,2057,2038,2038,2032,2032,1903,1903,2053,2053,2072,2072,2017,2017,1906,1906
1962,1951,1951,2064,2064,1994,1994,2055,2055,1930,1930,2015,2015,1985,1985,2025,2025
1880,2015,2015,1778,1778,1963,1963,1943,1943,2016,2016,1852,1852,1861,1861,1946,1946
1877,1920,1920,1823,1823,2093,2093,1911,1911,1847,1847,1928,1928,1947,1947,1953,1953
2005,1947,1947,2061,2061,2018,2018,1845,1845,1943,1943,2021,2021,2003,2003,1874,1874
1952,1897,1897,2014,2014,1945,1945,1817,1817,2027,2027,1867,1867,1936,1936,1819,1819
1874,1983,1983,2154,2154,1937,1937,1742,1742,2000,2000,2053,2053,2048,2048,1991,1991
2098,1977,1977,2186,2186,2016,2016,1951,1951,2238,2238,2006,2006,2086,2086,2027,2027
3029,3025,3025,3024,3024,3027,3027,3028,3028,3041,3041,3026,3026,3013,3013,3033,3033
3165,3165,3165,3180,3180,3159,3159,3162,3162,3151,3151,3164,3164,3166,3166,3172,3172
2950,2935,2935,2970,2970,2917,2917,2937,2937,2925,2925,2917,2917,2918,2918,2945,2945
2070,2138,2138,2015,2015,2181,2181,2018,2018,2102,2102,1991,1991,2078,2078,2016,2016
2005,2129,2129,1928,1928,2088,2088,1882,1882,2051,2051,1960,1960,2065,2065,1939,1939
2081,2049,2049,2033,2033,1938,1938,1893,1893,2025,2025,2103,2103,2009,2009,2073,2073
1838,1883,1883,2082,2082,1779,1779,2048,2048,1910,1910,1963,1963,1978,1978,2067,2067
1776,2032,2032,2044,2044,1843,1843,2059,2059,1995,1995,1883,1883,2014,2014,2046,2046
1807,2053,2053,2064,2064,1930,1930,1976,1976,2082,2082,2019,2019,1884,1884,1932,1932
1977,2030,2030,2052,2052,1987,1987,1993,1993,1981,1981,2010,2010,2014,2014,1938,1938
1970,2011,2011,2012,2012,1932,1932,2057,2057,1921,1921,1890,1890,1887,1887,2049,2049
1978,1910,1910,2001,2001,2012,2012,1976,1976,2009,2009,1962,1962,1860,1860,1870,1870
1993,1951,1951,2011,2011,1941,1941,1929,1929,1993,1993,2002,2002,2041,2041,1960,1960
2034,1829,1829,2043,2043,1936,1936,1976,1976,1867,1867,1835,1835,1880,1880,1956,1956
1884,1939,1939,2055,2055,1992,1992,1964,1964,1993,1993,1827,1827,1813,1813,1810,1810
1946,1977,1977,2197,2197,2106,2106,1915,1915,2168,2168,2079,2079,1986,1986,2091,2091
2935,2937,2937,2941,2941,2944,2944,2942,2942,2930,2930,2951,2951,2942,2942,2948,2948
3153,3142,3142,3150,3150,3156,3156,3150,3150,3163,3163,3154,3154,3143,3143,3154,3154
2921,2913,2913,2930,2930,2927,2927,2909,2909,2932,2932,2908,2908,2890,2890,2929,2929
1865,2027,2027,1955,1955,2112,2112,2039,2039,2084,2084,2023,2023,1985,1985,1984,1984
1856,2113,2113,1866,1866,1738,1738,2064,2064,2051,2051,1964,1964,1845,1845,1955,1955
1980,1955,1955,2005,2005,1826,1826,2078,2078,1972,1972,1969,1969,1865,1865,2120,2120
2000,1797,1797,1994,1994,1908,1908,2060,2060,1963,1963,1873,1873,1925,1925,2078,2078
1960,2070,2070,1974,1974,1965,1965,2098,2098,1884,1884,1845,1845,1954,1954,2111,2111
1828,1961,1961,2082,2082,2093,2093,2046,2046,1958,1958,1922,1922,1853,1853,1979,1979
2066,1981,1981,1775,1775,2100,2100,2049,2049,2061,2061,1892,1892,1993,1993,1959,1959
1799,2027,2027,1771,1771,1983,1983,1973,1973,1967,1967,1831,1831,2006,2006,1991,1991
1894,1956,1956,1915,1915,2059,2059,1886,1886,2081,2081,1845,1845,1947,1947,1858,1858
2013,1787,1787,1909,1909,2066,2066,1952,1952,2067,2067,1918,1918,1922,1922,1806,1806
2055,1920,1920,1968,1968,1991,1991,2013,2013,1855,1855,1746,1746,1859,1859,1912,1912
2077,1996,1996,1956,1956,1934,1934,1997,1997,2043,2043,1761,1761,1935,1935,1924,1924
2105,1993,1993,2012,2012,2128,2128,2060,2060,2104,2104,1970,1970,1970,1970,2134,2134
2936,2917,2917,2898,2898,2935,2935,2932,2932,2937,2937,2930,2930,2899,2899,2921,2921
3254,3250,3250,3258,3258,3253,3253,3256,3256,3255,3255,3256,3256,3251,3251,3262,3262
3022,3010,3010,3036,3036,3015,3015,3022,3022,3036,3036,3025,3025,3020,3020,3037,3037
1976,2073,2073,2098,2098,2076,2076,2075,2075,2088,2088,1903,1903,2142,2142,2034,2034
1966,2121,2121,1983,1983,1938,1938,1978,1978,1977,1977,1996,1996,1999,1999,1906,1906
1685,1886,1886,2005,2005,1880,1880,2072,2072,1809,1809,1953,1953,1928,1928,2075,2075
1934,1867,1867,2059,2059,1859,1859,2015,2015,1954,1954,1961,1961,1888,1888,2009,2009
2041,2078,2078,1932,1932,2013,2013,2008,2008,1777,1777,1972,1972,2006,2006,1944,1944
1820,2114,2114,1969,1969,2030,2030,2115,2115,2016,2016,1912,1912,1906,1906,1988,1988
2058,2001,2001,1956,1956,2052,2052,2118,2118,1942,1942,1809,1809,2006,2006,1853,1853
2022,1957,1957,1866,1866,1857,1857,1748,1748,1938,1938,1841,1841,1976,1976,1875,1875
1912,1974,1974,1977,1977,2045,2045,1988,1988,1992,1992,1969,1969,2043,2043,1795,1795
1952,2016,2016,2036,2036,2092,2092,2034,2034,1935,1935,1951,1951,1894,1894,1917,1917
2010,2044,2044,1846,1846,1992,1992,1970,1970,1819,1819,2001,2001,1750,1750,1948,1948
2013,2011,2011,2043,2043,2071,2071,1944,1944,1916,1916,2040,2040,1902,1902,2051,2051
2114,2082,2082,2028,2028,2132,2132,2132,2132,2182,2182,2022,2022,2022,2022,2129,2129
3040,3018,3018,3024,3024,3039,3039,3035,3035,3038,3038,3034,3034,3024,3024,3040,3040
3189,3179,3179,3191,3191,3187,3187,3184,3184,3182,3182,3193,3193,3192,3192,3192,3192
2981,2965,2965,2965,2965,2964,2964,2970,2970,2966,2966,2978,2978,2979,2979,2975,2975
2034,2153,2153,2048,2048,1991,1991,2008,2008,1837,1837,2008,2008,2067,2067,2070,2070
1775,2028,2028,1948,1948,2015,2015,1957,1957,1944,1944,2042,2042,2085,2085,1949,1949
1957,1878,1878,2048,2048,1913,1913,2105,2105,1798,1798,1892,1892,1976,1976,2064,2064
1842,1936,1936,2058,2058,1690,1690,2059,2059,1983,1983,1779,1779,1943,1943,2026,2026
1952,1950,1950,1983,1983,1920,1920,2017,2017,2032,2032,1917,1917,1787,1787,1850,1850
1914,2011,2011,2012,2012,1941,1941,2143,2143,1998,1998,1878,1878,1766,1766,1925,1925
2081,2059,2059,1969,1969,1866,1866,2036,2036,1944,1944,1891,1891,1864,1864,1923,1923
2059,2007,2007,1863,1863,1849,1849,1989,1989,1973,1973,1973,1973,2008,2008,2034,2034
2028,2012,2012,2053,2053,2023,2023,1978,1978,1880,1880,2011,2011,2073,2073,1930,1930
1992,1980,1980,2039,2039,2030,2030,1962,1962,1925,1925,2043,2043,1929,1929,1899,1899
2040,2046,2046,1917,1917,2015,2015,2004,2004,1935,1935,2037,2037,1787,1787,1898,1898
2091,2037,2037,1916,1916,2000,2000,1740,1740,2018,2018,2134,2134,1833,1833,2058,2058
1992,2061,2061,1986,1986,2120,2120,2165,2165,2050,2050,2089,2089,2086,2086,2118,2118
2975,2966,2966,2967,2967,2974,2974,2976,2976,2974,2974,2965,2965,2982,2982,2989,2989
3042,3059,3059,3055,3055,3041,3041,3047,3047,3050,3050,3051,3051,3048,3048,3051,3051
2823,2849,2849,2827,2827,2803,2803,2836,2836,2806,2806,2816,2816,2825,2825,2820,2820
2067,2016,2016,1760,1760,1865,1865,2186,2186,2027,2027,2061,2061,1744,1744,1998,1998
2008,2053,2053,1841,1841,2060,2060,2000,2000,1939,1939,1969,1969,1952,1952,1986,1986
2044,1840,1840,1988,1988,1827,1827,2054,2054,1960,1960,1955,1955,2000,2000,1994,1994
1834,1945,1945,1961,1961,1879,1879,2061,2061,1979,1979,1802,1802,2039,2039,1973,1973
1894,1782,1782,2080,2080,2079,2079,1943,1943,1883,1883,1882,1882,1930,1930,1888,1888
1851,2128,2128,2091,2091,2035,2035,2005,2005,1948,1948,1884,1884,1934,1934,1895,1895
1938,2171,2171,1882,1882,1887,1887,1974,1974,2016,2016,1923,1923,1871,1871,2043,2043
2037,2026,2026,1905,1905,1813,1813,1996,1996,2006,2006,1874,1874,1968,1968,1979,1979
2012,2068,2068,1951,1951,1966,1966,1951,1951,1884,1884,1943,1943,2014,2014,1994,1994
1986,2023,2023,1945,1945,2016,2016,2014,2014,2002,2002,1890,1890,1968,1968,1712,1712
1932,1975,1975,1940,1940,1968,1968,2009,2009,2073,2073,1965,1965,1858,1858,1954,1954
2050,2049,2049,1937,1937,1771,1771,1992,1992,1964,1964,2035,2035,1965,1965,2044,2044
2056,1991,1991,1958,1958,1929,1929,2090,2090,2085,2085,2109,2109,1942,1942,2112,2112
2824,2833,2833,2852,2852,2823,2823,2829,2829,2836,2836,2830,2830,2830,2830,2850,2850
3019,3030,3030,3022,3022,3021,3021,3024,3024,3031,3031,3018,3018,3024,3024,3042,3042
2798,2815,2815,2788,2788,2804,2804,2803,2803,2801,2801,2788,2788,2768,2768,2825,2825
2034,1906,1906,1940,1940,2004,2004,2004,2004,2016,2016,2083,2083,1989,1989,1986,1986
1931,1963,1963,1910,1910,1994,1994,1911,1911,1903,1903,1899,1899,1823,1823,2092,2092
1957,2036,2036,1826,1826,1914,1914,1984,1984,1986,1986,2038,2038,1815,1815,2136,2136
1877,2002,2002,1943,1943,2075,2075,2055,2055,2053,2053,1869,1869,1867,1867,1891,1891
1935,2041,2041,2028,2028,2083,2083,1940,1940,1783,1783,1846,1846,1969,1969,1929,1929
2024,1938,1938,2087,2087,2124,2124,2005,2005,1888,1888,1915,1915,1965,1965,1880,1880
1975,1972,1972,2030,2030,1971,1971,1888,1888,1997,1997,1848,1848,1993,1993,2038,2038
1835,2008,2008,1932,1932,1922,1922,1818,1818,1986,1986,1859,1859,1958,1958,2032,2032
1890,1920,1920,1930,1930,1829,1829,1951,1951,1944,1944,1976,1976,1953,1953,1930,1930
1970,1957,1957,1977,1977,1781,1781,1868,1868,1969,1969,1992,1992,1938,1938,1995,1995
2023,2003,2003,2069,2069,1967,1967,1966,1966,1950,1950,2042,2042,1867,1867,2029,2029
2080,2036,2036,1987,1987,1807,1807,1919,1919,1923,1923,2033,2033,1913,1913,2098,2098
2030,1816,1816,2088,2088,1820,1820,2060,2060,2149,2149,2083,2083,2005,2005,2064,2064
2795,2816,2816,2814,2814,2805,2805,2801,2801,2823,2823,2796,2796,2809,2809,2823,2823
2774,2744,2744,2789,2789,2720,2720,2763,2763,2759,2759,2739,2739,2775,2775,2788,2788
2596,2502,2502,2582,2582,2386,2386,2446,2446,2529,2529,2505,2505,2588,2588,2548,2548
1935,1971,1971,2035,2035,1846,1846,1971,1971,1814,1814,1915,1915,1926,1926,2008,2008
1979,1892,1892,2006,2006,1824,1824,2038,2038,1858,1858,1859,1859,1926,1926,2019,2019
1957,2023,2023,1802,1802,2078,2078,1850,1850,1954,1954,2061,2061,1976,1976,2026,2026
1971,1968,1968,1730,1730,2077,2077,1995,1995,1950,1950,1965,1965,2021,2021,1908,1908
1976,1980,1980,1914,1914,2003,2003,1883,1883,1891,1891,2032,2032,1899,1899,1965,1965
1969,1992,1992,2103,2103,2066,2066,1957,1957,1821,1821,1977,1977,1838,1838,1871,1871
2023,2004,2004,2123,2123,2082,2082,2036,2036,1846,1846,1877,1877,2020,2020,1924,1924
1946,2020,2020,1967,1967,2059,2059,1949,1949,1884,1884,1845,1845,2004,2004,1972,1972
1830,1929,1929,1993,1993,1940,1940,1975,1975,2104,2104,1919,1919,1941,1941,1880,1880
1880,1987,1987,2020,2020,1846,1846,1903,1903,2056,2056,2060,2060,1899,1899,1961,1961
2026,2033,2033,2136,2136,1980,1980,1949,1949,1988,1988,1959,1959,1894,1894,2031,2031
2005,1925,1925,2049,2049,1773,1773,1916,1916,1993,1993,1931,1931,1965,1965,1985,1985
1932,1692,1692,2082,2082,1880,1880,1941,1941,2092,2092,2095,2095,1865,1865,1976,1976
2507,2507,2507,2605,2605,2472,2472,2574,2574,2578,2578,2524,2524,2543,2543,2566,2566
2669,2668,2668,2705,2705,2732,2732,2744,2744,2703,2703,2709,2709,2752,2752,2744,2744
2510,2511,2511,2501,2501,2551,2551,2522,2522,2495,2495,2502,2502,2539,2539,2498,2498
1975,2050,2050,1879,1879,1856,1856,1919,1919,2062,2062,1858,1858,1879,1879,2057,2057
1965,1966,1966,1929,1929,1928,1928,2018,2018,1969,1969,1952,1952,2000,2000,2044,2044
2018,2128,2128,1882,1882,2098,2098,1975,1975,1890,1890,1996,1996,2113,2113,1894,1894
1930,2044,2044,2002,2002,2052,2052,1971,1971,1964,1964,1889,1889,2003,2003,1928,1928
1977,1935,1935,1880,1880,2012,2012,2017,2017,1946,1946,2054,2054,1954,1954,2001,2001
1915,2022,2022,1994,1994,2057,2057,1966,1966,2057,2057,2040,2040,1937,1937,1891,1891
1717,1986,1986,2013,2013,2039,2039,1983,1983,1751,1751,2022,2022,1903,1903,1954,1954
1835,2052,2052,1937,1937,2016,2016,1906,1906,1662,1662,1793,1793,1910,1910,1844,1844
1781,2051,2051,2018,2018,1959,1959,1890,1890,2119,2119,1946,1946,1868,1868,1932,1932
1811,2030,2030,2071,2071,1878,1878,1829,1829,2198,2198,2103,2103,1749,1749,2118,2118
1846,2070,2070,1929,1929,1914,1914,1970,1970,2187,2187,2087,2087,1941,1941,2060,2060
1927,1908,1908,1985,1985,1850,1850,1896,1896,1986,1986,1975,1975,1904,1904,2010,2010
1992,1864,1864,2036,2036,1994,1994,2007,2007,1974,1974,1937,1937,1723,1723,2012,2012
2533,2429,2429,2488,2488,2519,2519,2551,2551,2525,2525,2485,2485,2513,2513,2532,2532
2703,2663,2663,2668,2668,2639,2639,2700,2700,2674,2674,2667,2667,2655,2655,2691,2691
2470,2491,2491,2410,2410,2464,2464,2463,2463,2436,2436,2427,2427,2496,2496,2426,2426
1880,1891,1891,1799,1799,1977,1977,1764,1764,1855,1855,2000,2000,2055,2055,2043,2043
1957,2046,2046,1674,1674,1983,1983,1867,1867,1958,1958,1730,1730,1932,1932,2063,2063
2006,2175,2175,1934,1934,2053,2053,2039,2039,1951,1951,1818,1818,1961,1961,1993,1993
2028,2192,2192,2045,2045,1968,1968,2001,2001,2020,2020,1971,1971,2082,2082,2059,2059
2030,2085,2085,2002,2002,1982,1982,2064,2064,1929,1929,2058,2058,1921,1921,2003,2003
1898,2052,2052,1848,1848,2019,2019,2040,2040,1977,1977,1962,1962,1803,1803,2071,2071
1970,2053,2053,1788,1788,2007,2007,1886,1886,1780,1780,1960,1960,1829,1829,1868,1868
1846,1983,1983,1871,1871,1965,1965,1799,1799,1940,1940,1953,1953,1747,1747,1836,1836
1760,2026,2026,1930,1930,1833,1833,1923,1923,2094,2094,1930,1930,1780,1780,1949,1949
1885,2009,2009,1986,1986,1941,1941,2016,2016,2042,2042,1951,1951,1820,1820,2094,2094
1957,2106,2106,2040,2040,1973,1973,2056,2056,2074,2074,2089,2089,1980,1980,1993,1993
2009,1994,1994,1948,1948,2054,2054,1940,1940,1929,1929,2069,2069,1917,1917,1878,1878
2033,2015,2015,1960,1960,2065,2065,1958,1958,2000,2000,1928,1928,1844,1844,1974,1974
2443,2438,2438,2466,2466,2393,2393,2527,2527,2425,2425,2425,2425,2450,2450,2519,2519
2648,2601,2601,2673,2673,2606,2606,2688,2688,2658,2658,2641,2641,2661,2661,2656,2656
2428,2383,2383,2476,2476,2415,2415,2521,2521,2474,2474,2365,2365,2474,2474,2413,2413
1836,1914,1914,2019,2019,1984,1984,2011,2011,2004,2004,2001,2001,1861,1861,2058,2058
1976,1897,1897,1859,1859,1967,1967,1988,1988,1973,1973,1951,1951,1920,1920,2084,2084
1973,2029,2029,1951,1951,2071,2071,2066,2066,1920,1920,1902,1902,1909,1909,1872,1872
1793,2088,2088,2098,2098,1927,1927,2079,2079,1993,1993,1847,1847,1951,1951,2018,2018
2058,2045,2045,2090,2090,1987,1987,1918,1918,1924,1924,1824,1824,1979,1979,1956,1956
1996,2050,2050,2003,2003,2050,2050,1960,1960,2070,2070,1898,1898,1799,1799,2046,2046
1996,1992,1992,1860,1860,2016,2016,1999,1999,1936,1936,1956,1956,1896,1896,2011,2011
1956,1904,1904,1961,1961,2076,2076,2007,2007,1945,1945,1988,1988,1905,1905,1964,1964
1964,1828,1828,2030,2030,2046,2046,1901,1901,1895,1895,1961,1961,1771,1771,1867,1867
1939,1899,1899,1974,1974,1873,1873,2057,2057,1975,1975,1918,1918,1857,1857,1977,1977
1897,1932,1932,2127,2127,1956,1956,2027,2027,1993,1993,1959,1959,1870,1870,1876,1876
1971,2023,2023,1967,1967,1960,1960,1756,1756,2065,2065,1957,1957,1797,1797,1993,1993
1959,1955,1955,1998,1998,2005,2005,1879,1879,1895,1895,2014,2014,1886,1886,1883,1883
2439,2396,2396,2464,2464,2381,2381,2440,2440,2443,2443,2448,2448,2437,2437,2476,2476
2642,2658,2658,2658,2658,2658,2658,2673,2673,2644,2644,2669,2669,2635,2635,2686,2686
2386,2386,2386,2462,2462,2467,2467,2494,2494,2385,2385,2433,2433,2421,2421,2436,2436
1824,1948,1948,2023,2023,2026,2026,2116,2116,2023,2023,1941,1941,1970,1970,2129,2129
1880,1937,1937,1784,1784,1979,1979,1965,1965,2040,2040,2042,2042,1945,1945,2082,2082
1817,2067,2067,1982,1982,2099,2099,1941,1941,2006,2006,1820,1820,1840,1840,2002,2002
1818,2011,2011,2070,2070,1857,1857,2047,2047,1724,1724,1924,1924,1891,1891,1981,1981
1969,2016,2016,2077,2077,1948,1948,2049,2049,1924,1924,1852,1852,2057,2057,1912,1912
2119,2000,2000,1845,1845,1977,1977,1985,1985,2104,2104,1847,1847,1977,1977,1845,1845
2022,1791,1791,1981,1981,2056,2056,2030,2030,2042,2042,1874,1874,1935,1935,2001,2001
1973,1736,1736,2001,2001,2109,2109,1966,1966,1988,1988,2021,2021,2070,2070,2063,2063
1892,1748,1748,2024,2024,2109,2109,2021,2021,1914,1914,2009,2009,2087,2087,1990,1990
1866,1918,1918,2027,2027,1979,1979,1958,1958,1956,1956,1964,1964,1909,1909,1923,1923
2030,2088,2088,1989,1989,1816,1816,1962,1962,1912,1912,1950,1950,1866,1866,1980,1980
1996,2071,2071,2069,2069,1896,1896,1948,1948,1974,1974,2038,2038,1868,1868,1965,1965
1839,1931,1931,2042,2042,2017,2017,1925,1925,1815,1815,1992,1992,1936,1936,1987,1987
2466,2441,2441,2492,2492,2438,2438,2398,2398,2427,2427,2438,2438,2317,2317,2522,2522
2585,2606,2606,2579,2579,2559,2559,2567,2567,2604,2604,2598,2598,2571,2571,2631,2631
2376,2357,2357,2360,2360,2351,2351,2401,2401,2356,2356,2415,2415,2372,2372,2367,2367
1921,1993,1993,1970,1970,2032,2032,1950,1950,1880,1880,1919,1919,1956,1956,2059,2059
1729,2020,2020,1950,1950,2002,2002,1872,1872,2066,2066,1969,1969,1879,1879,1861,1861
1796,2092,2092,1866,1866,2058,2058,1819,1819,2103,2103,1934,1934,1781,1781,1811,1811
1696,1932,1932,1889,1889,1869,1869,1955,1955,1913,1913,1945,1945,1956,1956,1916,1916
1895,2013,2013,1978,1978,1943,1943,2070,2070,1933,1933,1935,1935,1941,1941,1974,1974
1936,1964,1964,1911,1911,1818,1818,2054,2054,2036,2036,2005,2005,1968,1968,1970,1970
1877,1923,1923,1975,1975,2000,2000,1964,1964,2022,2022,1999,1999,1970,1970,1951,1951
1976,1879,1879,1998,1998,2079,2079,1986,1986,1852,1852,1985,1985,2042,2042,1991,1991
1931,2010,2010,2082,2082,2020,2020,1942,1942,1929,1929,1895,1895,1977,1977,2014,2014
1836,2013,2013,1944,1944,1990,1990,1825,1825,1928,1928,1969,1969,1791,1791,1880,1880
1923,1862,1862,1839,1839,1961,1961,1948,1948,1937,1937,1921,1921,1881,1881,1883,1883
1921,2008,2008,1994,1994,1925,1925,2003,2003,1973,1973,1974,1974,2006,2006,1933,1933
1991,2045,2045,2046,2046,2005,2005,2033,2033,2019,2019,1875,1875,1981,1981,1908,1908
2339,2426,2426,2421,2421,2287,2287,2426,2426,2421,2421,2416,2416,2328,2328,2444,2444
2547,2580,2580,2551,2551,2532,2532,2598,2598,2593,2593,2588,2588,2542,2542,2547,2547
2402,2347,2347,2318,2318,2302,2302,2421,2421,2390,2390,2386,2386,2289,2289,2316,2316
2031,1978,1978,2019,2019,1818,1818,2010,2010,1936,1936,1945,1945,1910,1910,2032,2032
1784,2063,2063,2049,2049,1958,1958,1998,1998,2159,2159,1736,1736,1841,1841,1893,1893
1935,2064,2064,1970,1970,2067,2067,1889,1889,2046,2046,2027,2027,1798,1798,1816,1816
1907,1963,1963,1904,1904,2112,2112,1954,1954,2008,2008,1915,1915,1933,1933,2000,2000
1935,1980,1980,1961,1961,1968,1968,2030,2030,2031,2031,2029,2029,1990,1990,2002,2002
1929,1984,1984,1963,1963,1924,1924,1930,1930,1965,1965,1974,1974,1913,1913,1938,1938
1922,2012,2012,1969,1969,1919,1919,1967,1967,1924,1924,2054,2054,1857,1857,2038,2038
2059,1939,1939,1937,1937,2047,2047,1943,1943,1891,1891,1889,1889,1978,1978,2034,2034
2007,1896,1896,2008,2008,1806,1806,1927,1927,1990,1990,1973,1973,1978,1978,2092,2092
1844,2042,2042,1918,1918,1949,1949,1849,1849,1996,1996,1902,1902,1915,1915,1877,1877
1717,2016,2016,1741,1741,1893,1893,1967,1967,1999,1999,1872,1872,1929,1929,1774,1774
1912,1938,1938,1815,1815,2039,2039,1991,1991,2001,2001,1851,1851,1953,1953,1949,1949
2063,2037,2037,1970,1970,2056,2056,1969,1969,2078,2078,1778,1778,1980,1980,2018,2018
2301,2380,2380,2365,2365,2276,2276,2414,2414,2440,2440,2356,2356,2340,2340,2276,2276
2518,2480,2480,2440,2440,2538,2538,2524,2524,2556,2556,2486,2486,2418,2418,2526,2526
2327,2314,2314,2167,2167,2294,2294,2302,2302,2264,2264,2298,2298,2255,2255,2225,2225
2018,1977,1977,1947,1947,1912,1912,1952,1952,1974,1974,1989,1989,1963,1963,1927,1927
1930,2010,2010,2084,2084,1965,1965,2049,2049,1937,1937,2003,2003,1887,1887,1867,1867
1830,2029,2029,1913,1913,2056,2056,1979,1979,2079,2079,1982,1982,1885,1885,1859,1859
2028,1894,1894,1931,1931,2179,2179,1903,1903,2081,2081,1976,1976,2055,2055,1797,1797
2048,1888,1888,2006,2006,2009,2009,2056,2056,2058,2058,2023,2023,2044,2044,1965,1965
1913,1883,1883,1999,1999,1914,1914,1954,1954,2074,2074,1939,1939,1918,1918,2024,2024
1920,1913,1913,1851,1851,1980,1980,1872,1872,2011,2011,2027,2027,1797,1797,2147,2147
2099,1961,1961,1846,1846,2114,2114,1891,1891,1842,1842,1955,1955,1874,1874,2132,2132
2075,1946,1946,2011,2011,1977,1977,1993,1993,1940,1940,1855,1855,1925,1925,1913,1913
1999,2055,2055,1847,1847,2010,2010,1810,1810,1855,1855,1842,1842,2057,2057,1895,1895
1922,1957,1957,1828,1828,1948,1948,1926,1926,1996,1996,1909,1909,2065,2065,1949,1949
1808,2021,2021,1945,1945,1979,1979,1946,1946,2000,2000,1908,1908,1950,1950,1890,1890
1857,2072,2072,1963,1963,1884,1884,1981,1981,2050,2050,1897,1897,1966,1966,1936,1936
2351,2261,2261,2143,2143,2346,2346,2358,2358,2431,2431,2314,2314,2199,2199,2324,2324
2533,2504,2504,2528,2528,2577,2577,2576,2576,2570,2570,2526,2526,2484,2484,2553,2553
2340,2269,2269,2319,2319,2320,2320,2281,2281,2274,2274,2362,2362,2286,2286,2293,2293
1912,2071,2071,1910,1910,1980,1980,1934,1934,1893,1893,1963,1963,2028,2028,2037,2037
1970,1881,1881,1969,1969,2043,2043,2027,2027,1799,1799,2070,2070,1968,1968,1850,1850
1944,1968,1968,1881,1881,2093,2093,1854,1854,2114,2114,2028,2028,1897,1897,1836,1836
2026,1888,1888,1852,1852,2107,2107,2024,2024,2123,2123,1871,1871,1998,1998,1997,1997
1956,1967,1967,2035,2035,1976,1976,1952,1952,2099,2099,1897,1897,2015,2015,1913,1913
1928,2027,2027,2083,2083,2004,2004,1929,1929,2085,2085,1799,1799,1919,1919,1997,1997
1911,1947,1947,2023,2023,1941,1941,1897,1897,2013,2013,1946,1946,1925,1925,2135,2135
1981,1855,1855,2060,2060,2034,2034,1936,1936,1885,1885,1883,1883,1877,1877,2060,2060
1901,2094,2094,2129,2129,2016,2016,1929,1929,1872,1872,1906,1906,1891,1891,1888,1888
1924,2121,2121,1984,1984,2028,2028,1970,1970,1956,1956,1799,1799,1904,1904,1894,1894
1896,2178,2178,1972,1972,1907,1907,1964,1964,2081,2081,1920,1920,2131,2131,1748,1748
1991,2056,2056,1969,1969,1907,1907,2008,2008,2051,2051,1809,1809,2052,2052,1889,1889
1997,1931,1931,1898,1898,2004,2004,1946,1946,1981,1981,1957,1957,1912,1912,1918,1918
2350,2308,2308,2301,2301,2394,2394,2399,2399,2373,2373,2304,2304,2292,2292,2325,2325
2465,2372,2372,2428,2428,2482,2482,2381,2381,2453,2453,2458,2458,2437,2437,2379,2379
2302,2140,2140,2208,2208,2255,2255,2311,2311,2235,2235,2232,2232,2362,2362,2186,2186
1850,2083,2083,1958,1958,2003,2003,2038,2038,1964,1964,2019,2019,2070,2070,2025,2025
1902,2014,2014,1786,1786,1862,1862,1959,1959,1792,1792,1972,1972,1937,1937,1966,1966
2000,2031,2031,1988,1988,2091,2091,2045,2045,1913,1913,1890,1890,2021,2021,1788,1788
2108,1989,1989,1916,1916,2084,2084,2071,2071,2007,2007,1844,1844,2033,2033,1936,1936
1933,2037,2037,1982,1982,2075,2075,2015,2015,1843,1843,1935,1935,1991,1991,1936,1936
1836,2041,2041,1991,1991,1830,1830,1960,1960,1965,1965,2079,2079,1986,1986,2052,2052
1889,1945,1945,1929,1929,1798,1798,1960,1960,1914,1914,1970,1970,1917,1917,2064,2064
1985,1935,1935,1799,1799,1805,1805,1855,1855,1853,1853,1902,1902,1931,1931,2114,2114
2059,2104,2104,2008,2008,1990,1990,1923,1923,1914,1914,2006,2006,2010,2010,1988,1988
1932,2033,2033,1995,1995,1970,1970,1897,1897,1978,1978,1974,1974,2121,2121,2015,2015
1971,2131,2131,1829,1829,2028,2028,2014,2014,2038,2038,1824,1824,2099,2099,1937,1937
1750,2016,2016,1819,1819,1973,1973,2164,2164,2143,2143,1831,1831,2051,2051,1844,1844
1967,1884,1884,1866,1866,1967,1967,2076,2076,1989,1989,1886,1886,1899,1899,1999,1999
2251,2183,2183,2190,2190,2318,2318,2224,2224,2328,2328,2300,2300,2158,2158,2196,2196
2546,2484,2484,2567,2567,2553,2553,2547,2547,2559,2559,2500,2500,2544,2544,2455,2455
2312,2317,2317,2436,2436,2257,2257,2339,2339,2346,2346,2339,2339,2337,2337,2278,2278
1946,1997,1997,2026,2026,1938,1938,1927,1927,1981,1981,1798,1798,2046,2046,1971,1971
2061,2027,2027,2005,2005,1998,1998,2001,2001,1859,1859,1875,1875,2042,2042,2017,2017
2135,1967,1967,2057,2057,1977,1977,2015,2015,1959,1959,2015,2015,1927,1927,1854,1854
2044,1883,1883,1927,1927,2039,2039,2023,2023,2021,2021,1869,1869,2053,2053,1910,1910
1913,2041,2041,2038,2038,2038,2038,2079,2079,1981,1981,1809,1809,2019,2019,1908,1908
1897,1972,1972,1926,1926,1961,1961,2013,2013,1945,1945,1972,1972,2036,2036,2013,2013
1952,1885,1885,1949,1949,1877,1877,1925,1925,2083,2083,2062,2062,2041,2041,2003,2003
1983,1927,1927,2007,2007,1877,1877,1960,1960,2032,2032,1966,1966,1996,1996,1990,1990
2026,2004,2004,2079,2079,1944,1944,1983,1983,1957,1957,1930,1930,1903,1903,2053,2053
2027,1996,1996,1916,1916,1959,1959,1966,1966,2004,2004,2007,2007,2017,2017,2016,2016
2025,2013,2013,1738,1738,1996,1996,1973,1973,2062,2062,1957,1957,2076,2076,1991,1991
1864,2105,2105,1971,1971,2065,2065,2035,2035,2093,2093,1825,1825,1981,1981,2025,2025
2005,2031,2031,1982,1982,2037,2037,1967,1967,1983,1983,1973,1973,2007,2007,2006,2006
2352,2253,2253,2295,2295,2388,2388,2323,2323,2351,2351,2245,2245,2392,2392,2293,2293
2636,2614,2614,2667,2667,2684,2684,2646,2646,2643,2643,2645,2645,2634,2634,2624,2624
2371,2432,2432,2515,2515,2484,2484,2433,2433,2412,2412,2427,2427,2392,2392,2461,2461
1953,1995,1995,2075,2075,1878,1878,1910,1910,2024,2024,1905,1905,2007,2007,2046,2046
2109,2090,2090,2026,2026,1978,1978,1966,1966,1979,1979,1916,1916,2122,2122,2090,2090
2106,2068,2068,2027,2027,1905,1905,2098,2098,2015,2015,1883,1883,2061,2061,1893,1893
1949,1963,1963,1962,1962,1903,1903,1911,1911,2009,2009,2055,2055,1969,1969,1912,1912
1872,1989,1989,1949,1949,1956,1956,1974,1974,1947,1947,2055,2055,2093,2093,2049,2049
1897,1948,1948,2030,2030,1972,1972,1939,1939,1951,1951,2012,2012,2119,2119,1958,1958
1935,1873,1873,1957,1957,1888,1888,1913,1913,2050,2050,2146,2146,1978,1978,1932,1932
2063,1867,1867,2027,2027,1933,1933,2018,2018,1956,1956,2051,2051,1901,1901,2016,2016
2065,2019,2019,2017,2017,1901,1901,1986,1986,2044,2044,2043,2043,1913,1913,2030,2030
2023,1923,1923,2038,2038,2052,2052,1934,1934,2090,2090,2096,2096,2101,2101,2054,2054
2161,2048,2048,2057,2057,2092,2092,1886,1886,2061,2061,2103,2103,2046,2046,2026,2026
1922,2174,2174,1931,1931,2106,2106,1728,1728,1923,1923,2016,2016,2099,2099,1958,1958
1909,2128,2128,1939,1939,2151,2151,1921,1921,1849,1849,2114,2114,1916,1916,1962,1962
2462,2356,2356,2423,2423,2497,2497,2438,2438,2409,2409,2437,2437,2416,2416,2353,2353
2587,2599,2599,2645,2645,2658,2658,2604,2604,2580,2580,2614,2614,2688,2688,2629,2629
2383,2354,2354,2349,2349,2489,2489,2355,2355,2297,2297,2428,2428,2471,2471,2432,2432
2002,1924,1924,2011,2011,1940,1940,2020,2020,1970,1970,2109,2109,1938,1938,2006,2006
2040,1979,1979,2051,2051,1934,1934,1886,1886,2125,2125,1950,1950,2158,2158,2011,2011
1993,1946,1946,2046,2046,1895,1895,2028,2028,2002,2002,1908,1908,2153,2153,1956,1956
1984,1946,1946,2043,2043,2044,2044,2063,2063,1801,1801,1842,1842,2028,2028,1992,1992
1880,2046,2046,1969,1969,1965,1965,2021,2021,1969,1969,2001,2001,2100,2100,2090,2090
1976,2085,2085,2031,2031,1885,1885,1802,1802,2061,2061,2123,2123,2000,2000,1958,1958
1816,1939,1939,2036,2036,1856,1856,1861,1861,1999,1999,2080,2080,1868,1868,1854,1854
1906,1993,1993,2065,2065,1899,1899,2097,2097,2034,2034,1995,1995,1858,1858,2021,2021
1945,1997,1997,2099,2099,1822,1822,2003,2003,2085,2085,2027,2027,1853,1853,1976,1976
1987,1897,1897,2007,2007,1932,1932,1998,1998,2134,2134,2105,2105,2098,2098,1861,1861
2116,2046,2046,2018,2018,2137,2137,1937,1937,2116,2116,2102,2102,2105,2105,2013,2013
1992,2088,2088,1981,1981,2143,2143,1878,1878,2025,2025,2031,2031,1948,1948,2061,2061
1846,2129,2129,1939,1939,2089,2089,1950,1950,1893,1893,2011,2011,1956,1956,1782,1782
2419,2441,2441,2434,2434,2360,2360,2453,2453,2404,2404,2482,2482,2414,2414,2378,2378
2652,2639,2639,2575,2575,2549,2549,2647,2647,2624,2624,2680,2680,2826,2826,2607,2607
2405,2388,2388,2329,2329,2391,2391,2458,2458,2351,2351,2513,2513,2643,2643,2404,2404
1986,2005,2005,1841,1841,1909,1909,1854,1854,2016,2016,2069,2069,1920,1920,1933,1933
1951,1988,1988,2027,2027,1980,1980,1924,1924,2063,2063,1917,1917,2071,2071,2005,2005
2043,2049,2049,1996,1996,2039,2039,1997,1997,1913,1913,2035,2035,2041,2041,1912,1912
2079,1905,1905,1832,1832,2116,2116,2006,2006,2085,2085,1968,1968,2004,2004,1907,1907
1949,2018,2018,1799,1799,1897,1897,1925,1925,1916,1916,1813,1813,2003,2003,1964,1964
2051,2141,2141,1956,1956,1643,1643,1909,1909,2047,2047,1924,1924,1840,1840,1986,1986
2004,2087,2087,2152,2152,1939,1939,1974,1974,2006,2006,1871,1871,1998,1998,1803,1803
2073,1878,1878,2052,2052,1983,1983,2125,2125,2091,2091,1970,1970,2034,2034,2046,2046
1776,2065,2065,2012,2012,1879,1879,1980,1980,2159,2159,1930,1930,1968,1968,1951,1951
1919,2003,2003,2007,2007,1945,1945,1996,1996,2159,2159,1938,1938,2081,2081,1917,1917
2027,2031,2031,2005,2005,2067,2067,1990,1990,2044,2044,1935,1935,2016,2016,1932,1932
1983,1979,1979,2068,2068,2062,2062,2015,2015,2105,2105,1944,1944,1832,1832,1806,1806
1925,1936,1936,1890,1890,1960,1960,2032,2032,2091,2091,1973,1973,1905,1905,1829,1829
2418,2413,2413,2410,2410,2282,2282,2457,2457,2393,2393,2452,2452,2569,2569,2379,2379
2696,2693,2693,2656,2656,2753,2753,2689,2689,2741,2741,2654,2654,3026,3026,2660,2660
2488,2458,2458,2441,2441,2497,2497,2465,2465,2494,2494,2499,2499,2839,2839,2451,2451
1898,1989,1989,1865,1865,1948,1948,1890,1890,1963,1963,1972,1972,2435,2435,2015,2015
2032,1972,1972,2077,2077,1968,1968,1953,1953,2092,2092,2059,2059,2207,2207,2078,2078
2151,2053,2053,2066,2066,1989,1989,1926,1926,1993,1993,2039,2039,1999,1999,1929,1929
2115,1982,1982,1802,1802,2093,2093,1789,1789,2108,2108,1979,1979,1995,1995,2073,2073
1858,1906,1906,1897,1897,1944,1944,1921,1921,1775,1775,1980,1980,2032,2032,1801,1801
2065,2044,2044,1803,1803,1820,1820,2069,2069,2001,2001,2034,2034,1956,1956,2024,2024
2097,2087,2087,1870,1870,1998,1998,2107,2107,2063,2063,1770,1770,2025,2025,1903,1903
2072,1978,1978,1895,1895,1955,1955,2145,2145,2086,2086,2062,2062,2074,2074,2055,2055
1958,2002,2002,1998,1998,1983,1983,1968,1968,2147,2147,2072,2072,1935,1935,1994,1994
1963,2065,2065,2077,2077,2028,2028,2034,2034,2108,2108,2032,2032,1979,1979,1989,1989
1899,2067,2067,2055,2055,2070,2070,2093,2093,2129,2129,2014,2014,2009,2009,1689,1689
1888,2069,2069,2033,2033,2023,2023,1993,1993,2173,2173,2000,2000,1946,1946,1889,1889
1921,2079,2079,1898,1898,2323,2323,2001,2001,2155,2155,2002,2002,2022,2022,1994,1994
2467,2471,2471,2411,2411,2692,2692,2481,2481,2546,2546,2457,2457,2762,2762,2429,2429
2917,2896,2896,2832,2832,3241,3241,2679,2679,2828,2828,2895,2895,3688,3688,2833,2833
2686,2651,2651,2611,2611,2763,2763,2432,2432,2600,2600,2634,2634,3660,3660,2608,2608
2023,1917,1917,2025,2025,2168,2168,2024,2024,1916,1916,1983,1983,3120,3120,1986,1986
1971,1828,1828,2027,2027,1965,1965,1949,1949,2118,2118,1998,1998,2573,2573,2110,2110
2037,1959,1959,2067,2067,1849,1849,1926,1926,2077,2077,2061,2061,1981,1981,2097,2097
2053,1899,1899,1926,1926,1904,1904,1911,1911,2071,2071,2041,2041,1993,1993,2116,2116
1946,2078,2078,2008,2008,1896,1896,1955,1955,1946,1946,2051,2051,2104,2104,1948,1948
2063,1923,1923,1958,1958,2009,2009,2091,2091,1856,1856,2010,2010,2041,2041,2012,2012
2093,2048,2048,2011,2011,2020,2020,2083,2083,1927,1927,1949,1949,1961,1961,2058,2058
2003,2053,2053,1915,1915,2086,2086,2121,2121,1951,1951,2051,2051,1901,1901,2041,2041
1857,2101,2101,1988,1988,1962,1962,2092,2092,2034,2034,2003,2003,1974,1974,1974,1974
1943,2074,2074,2057,2057,2033,2033,2048,2048,1966,1966,1986,1986,2002,2002,1940,1940
1951,1987,1987,1898,1898,2012,2012,1977,1977,2014,2014,2022,2022,1867,1867,1794,1794
2015,2122,2122,1980,1980,2039,2039,1954,1954,2164,2164,2020,2020,1855,1855,1976,1976
2082,2087,2087,1991,1991,2938,2938,2033,2033,2127,2127,2059,2059,2247,2247,1875,1875
2703,2655,2655,2611,2611,3306,3306,2496,2496,2572,2572,2693,2693,3266,3266,2602,2602
2955,2937,2937,2877,2877,3571,3571,2750,2750,2876,2876,2920,2920,3891,3891,2911,2911
2727,2704,2704,2659,2659,2954,2954,2513,2513,2662,2662,2677,2677,3913,3913,2685,2685
1894,1999,1999,2031,2031,2404,2404,1865,1865,1977,1977,2007,2007,3472,3472,2122,2122
1957,1959,1959,1897,1897,1969,1969,1997,1997,2013,2013,1991,1991,2606,2606,2092,2092
1943,2041,2041,2022,2022,2001,2001,2109,2109,2052,2052,2118,2118,2096,2096,2209,2209
2058,2059,2059,1882,1882,1905,1905,2103,2103,1999,1999,2164,2164,1952,1952,2138,2138
1979,2115,2115,1938,1938,1915,1915,2033,2033,1975,1975,2068,2068,2089,2089,1855,1855
2001,2048,2048,1788,1788,2004,2004,2007,2007,1868,1868,1986,1986,1979,1979,1937,1937
2046,1927,1927,1973,1973,2026,2026,2079,2079,1848,1848,1969,1969,1832,1832,1868,1868
1936,2081,2081,1943,1943,2070,2070,2059,2059,1862,1862,2027,2027,2037,2037,1964,1964
1986,2027,2027,2026,2026,2015,2015,1914,1914,1999,1999,1951,1951,1976,1976,2061,2061
1755,2096,2096,2003,2003,2006,2006,1888,1888,2003,2003,1872,1872,2053,2053,2039,2039
1958,2001,2001,1807,1807,2070,2070,1953,1953,1960,1960,1859,1859,1979,1979,1899,1899
2076,2074,2074,1910,1910,2846,2846,1997,1997,1943,1943,1947,1947,2196,2196,1960,1960
2074,2130,2130,1950,1950,3167,3167,2042,2042,2107,2107,1989,1989,2504,2504,2027,2027
2734,2719,2719,2661,2661,3632,3632,2549,2549,2624,2624,2702,2702,3385,3385,2691,2691
2757,2773,2773,2771,2771,3605,3605,2738,2738,2761,2761,2729,2729,3596,3596,2779,2779
2565,2575,2575,2488,2488,2931,2931,2516,2516,2556,2556,2547,2547,3773,3773,2589,2589
1822,2143,2143,1997,1997,2517,2517,1873,1873,1976,1976,1970,1970,3462,3462,2082,2082
1930,2149,2149,2007,2007,1995,1995,2008,2008,1774,1774,2033,2033,2254,2254,2049,2049
1913,2106,2106,1943,1943,2049,2049,2060,2060,1975,1975,2132,2132,2060,2060,2155,2155
1823,2100,2100,1885,1885,1996,1996,2087,2087,2086,2086,2056,2056,2061,2061,2043,2043
1904,2096,2096,1867,1867,2151,2151,2118,2118,2038,2038,1993,1993,1965,1965,1815,1815
1982,2053,2053,1758,1758,2138,2138,2036,2036,1958,1958,1869,1869,1918,1918,1867,1867
1960,1931,1931,1852,1852,2048,2048,2006,2006,1977,1977,1843,1843,1983,1983,2014,2014
1898,2013,2013,1991,1991,2135,2135,2038,2038,1856,1856,1864,1864,1993,1993,1970,1970
2007,2068,2068,1869,1869,2156,2156,1977,1977,1935,1935,2050,2050,1981,1981,1999,1999
1859,1957,1957,1983,1983,1979,1979,1888,1888,2049,2049,2018,2018,2054,2054,1992,1992
2010,1934,1934,1892,1892,2481,2481,1890,1890,2030,2030,2089,2089,2073,2073,1949,1949
2013,2104,2104,1958,1958,3288,3288,2029,2029,1938,1938,1976,1976,2259,2259,1898,1898
1979,2047,2047,1901,1901,3277,3277,2017,2017,2011,2011,1958,1958,2579,2579,2024,2024
2522,2532,2532,2562,2562,3595,3595,2546,2546,2572,2572,2515,2515,2906,2906,2564,2564
2705,2648,2648,2741,2741,3345,3345,2720,2720,2681,2681,2737,2737,3650,3650,2722,2722
2487,2502,2502,2552,2552,2563,2563,2521,2521,2434,2434,2484,2484,3372,3372,2501,2501
1957,2110,2110,2114,2114,2370,2370,1960,1960,1854,1854,1943,1943,3214,3214,1937,1937
1971,2104,2104,2044,2044,1988,1988,1890,1890,1875,1875,1889,1889,2084,2084,2031,2031
1983,2120,2120,1865,1865,2002,2002,2071,2071,1899,1899,2071,2071,1978,1978,2045,2045
1877,2056,2056,1942,1942,1976,1976,2029,2029,2029,2029,2075,2075,2005,2005,2038,2038
2013,1980,1980,1784,1784,2177,2177,2055,2055,1963,1963,1959,1959,1868,1868,2058,2058
1841,1934,1934,1835,1835,2152,2152,2076,2076,1890,1890,1914,1914,1909,1909,1975,1975
1961,2056,2056,1980,1980,2090,2090,2130,2130,2064,2064,1705,1705,2033,2033,1952,1952
2081,2049,2049,2056,2056,2145,2145,2042,2042,1994,1994,1919,1919,1928,1928,2003,2003
2005,1943,1943,2004,2004,2246,2246,1922,1922,2030,2030,2023,2023,2023,2023,2039,2039
1843,2042,2042,1943,1943,2091,2091,1908,1908,2054,2054,2046,2046,2049,2049,1949,1949
2015,2107,2107,2036,2036,2631,2631,1981,1981,2077,2077,2026,2026,2008,2008,1889,1889
1913,2078,2078,1932,1932,3316,3316,2002,2002,2011,2011,1916,1916,2167,2167,1773,1773
1922,1968,1968,1848,1848,3357,3357,1963,1963,1938,1938,1935,1935,2439,2439,1912,1912
2452,2451,2451,2495,2495,3321,3321,2508,2508,2449,2449,2530,2530,3477,3477,2515,2515
2791,2760,2760,2794,2794,3245,3245,2759,2759,2791,2791,2809,2809,3597,3597,2769,2769
2575,2567,2567,2611,2611,3029,3029,2506,2506,2547,2547,2618,2618,3364,3364,2567,2567
2070,2142,2142,2015,2015,2213,2213,2392,2392,2031,2031,1964,1964,2927,2927,2252,2252
1993,2134,2134,1923,1923,2009,2009,2405,2405,2002,2002,1986,1986,2165,2165,2370,2370
1892,2087,2087,1973,1973,1932,1932,2131,2131,1925,1925,2106,2106,1805,1805,2226,2226
2310,2020,2020,2090,2090,1862,1862,2030,2030,1979,1979,2103,2103,1857,1857,1993,1993
2602,1992,1992,2029,2029,2199,2199,2048,2048,1955,1955,1917,1917,1968,1968,2108,2108
2432,1975,1975,1898,1898,2138,2138,1936,1936,2101,2101,1726,1726,1881,1881,2004,2004
2024,2028,2028,1850,1850,2297,2297,2012,2012,2095,2095,1927,1927,2050,2050,1878,1878
1966,2038,2038,2087,2087,2378,2378,1962,1962,1932,1932,1990,1990,1996,1996,1981,1981
1956,1977,1977,2014,2014,2307,2307,1826,1826,2021,2021,1952,1952,2029,2029,2032,2032
2035,2061,2061,1863,1863,2161,2161,1893,1893,2000,2000,2023,2023,2070,2070,1949,1949
2034,2121,2121,2050,2050,2517,2517,2012,2012,1961,1961,2082,2082,1987,1987,1751,1751
1891,2042,2042,1989,1989,2908,2908,1998,1998,1878,1878,2341,2341,2112,2112,1861,1861
1980,1882,1882,1885,1885,3585,3585,2037,2037,1975,1975,2183,2183,2164,2164,1969,1969
2581,2526,2526,2556,2556,3625,3625,2564,2564,2587,2587,2563,2563,3356,3356,2570,2570
2859,2924,2924,2909,2909,3305,3305,2909,2909,2914,2914,2933,2933,3157,3157,2924,2924
2745,2706,2706,2713,2713,3175,3175,2624,2624,2666,2666,2699,2699,2973,2973,2792,2792
2900,1971,1971,2045,2045,2390,2390,2905,2905,1831,1831,1946,1946,2600,2600,2708,2708
2651,2060,2060,1954,1954,2031,2031,2895,2895,1972,1972,2006,2006,1983,1983,2805,2805
2508,2060,2060,1953,1953,1991,1991,2583,2583,1849,1849,2055,2055,1859,1859,2762,2762
3271,2052,2052,2121,2121,1816,1816,2435,2435,1979,1979,2083,2083,1914,1914,2422,2422
3532,2084,2084,2041,2041,2225,2225,2230,2230,1982,1982,1891,1891,2044,2044,2147,2147
3386,2006,2006,2064,2064,2131,2131,2120,2120,2035,2035,1909,1909,1977,1977,2093,2093
2702,1960,1960,2097,2097,2228,2228,1794,1794,2027,2027,2009,2009,1923,1923,1890,1890
2082,2001,2001,2062,2062,2282,2282,1983,1983,1935,1935,2009,2009,1853,1853,1827,1827
1949,2048,2048,1966,1966,2248,2248,2117,2117,1968,1968,2112,2112,1925,1925,1958,1958
2052,2013,2013,1811,1811,2239,2239,2127,2127,2016,2016,2240,2240,1940,1940,1967,1967
2038,2008,2008,1987,1987,2542,2542,1934,1934,2030,2030,2724,2724,1961,1961,1955,1955
1877,1990,1990,2033,2033,3380,3380,1895,1895,1850,1850,2994,2994,1999,1999,1896,1896
1880,1859,1859,2055,2055,3874,3874,1923,1923,2071,2071,2849,2849,2033,2033,2039,2039
2684,2696,2696,2684,2684,3831,3831,2688,2688,2708,2708,2672,2672,2846,2846,2702,2702
2928,2887,2887,2917,2917,3107,3107,2880,2880,2877,2877,2933,2933,2822,2822,2868,2868
3229,2639,2639,2683,2683,3026,3026,2808,2808,2662,2662,2692,2692,2711,2711,3143,3143
3179,2055,2055,2058,2058,2250,2250,3451,3451,1903,1903,1959,1959,2095,2095,3288,3288
3006,1974,1974,2046,2046,2078,2078,3551,3551,2026,2026,1964,1964,1878,1878,2849,2849
3022,2043,2043,2014,2014,2023,2023,3181,3181,1943,1943,1967,1967,1786,1786,2953,2953
3674,2063,2063,2077,2077,1976,1976,2861,2861,1746,1746,1983,1983,1779,1779,2590,2590
3927,2088,2088,2021,2021,2204,2204,2512,2512,1961,1961,1970,1970,1913,1913,2143,2143
3780,1968,1968,2041,2041,2207,2207,2269,2269,2013,2013,1938,1938,1878,1878,2028,2028
3111,1939,1939,2120,2120,1900,1900,1991,1991,1922,1922,1947,1947,2011,2011,1847,1847
2504,1859,1859,1914,1914,2147,2147,2205,2205,1945,1945,2024,2024,1879,1879,1861,1861
2072,1905,1905,1904,1904,2123,2123,2142,2142,1911,1911,2096,2096,1954,1954,1964,1964
2052,2007,2007,1877,1877,2215,2215,2163,2163,2030,2030,2511,2511,1980,1980,1939,1939
2015,1955,1955,1886,1886,2282,2282,2133,2133,2091,2091,3071,3071,1924,1924,1991,1991
2090,1989,1989,1868,1868,3240,3240,2016,2016,1962,1962,3310,3310,1941,1941,2065,2065
1921,2058,2058,2037,2037,3718,3718,2049,2049,2082,2082,3185,3185,1989,1989,1994,1994
2676,2690,2690,2731,2731,3672,3672,2731,2731,2658,2658,2548,2548,2635,2635,2729,2729
3083,2838,2838,2894,2894,2968,2968,2872,2872,2853,2853,2873,2873,2837,2837,2906,2906
3327,2583,2583,2660,2660,2769,2769,3247,3247,2647,2647,2654,2654,2694,2694,3568,3568
3354,2126,2126,1929,1929,2059,2059,3891,3891,1946,1946,2079,2079,2069,2069,3709,3709
3240,2023,2023,1966,1966,2076,2076,3988,3988,2072,2072,1948,1948,1814,1814,3412,3412
3087,1884,1884,1982,1982,2043,2043,3648,3648,1982,1982,1920,1920,1825,1825,2967,2967
3699,1944,1944,2048,2048,2077,2077,2953,2953,1725,1725,1973,1973,1889,1889,2427,2427
3955,1871,1871,2007,2007,2026,2026,2575,2575,1813,1813,2004,2004,1875,1875,2268,2268
3815,1994,1994,1928,1928,2048,2048,2321,2321,1982,1982,2065,2065,1904,1904,1952,1952
3141,1928,1928,2046,2046,2032,2032,2126,2126,1902,1902,2032,2032,1913,1913,1921,1921
2633,2033,2033,2029,2029,2148,2148,2513,2513,1802,1802,1884,1884,1908,1908,1922,1922
2025,2005,2005,2062,2062,2058,2058,2408,2408,1651,1651,2053,2053,1979,1979,1980,1980
2079,1988,1988,1919,1919,2046,2046,2222,2222,1970,1970,2640,2640,2044,2044,2004,2004
1980,2050,2050,2176,2176,2026,2026,2328,2328,2102,2102,3234,3234,1966,1966,2046,2046
2057,2152,2152,2269,2269,2702,2702,2136,2136,2024,2024,3473,3473,1887,1887,2109,2109
2000,2202,2202,2165,2165,3196,3196,2019,2019,2005,2005,3431,3431,1936,1936,1877,1877
2699,2627,2627,2700,2700,3154,3154,2652,2652,2567,2567,2911,2911,2584,2584,2684,2684
2985,2739,2739,2827,2827,2819,2819,2814,2814,2773,2773,2855,2855,2775,2775,2863,2863
3443,2481,2481,2556,2556,2543,2543,3430,3430,2549,2549,2565,2565,2674,2674,3598,3598
3629,1955,1955,1972,1972,2084,2084,4039,4039,1761,1761,2023,2023,1973,1973,3784,3784
3508,1975,1975,2035,2035,1810,1810,4129,4129,1827,1827,2084,2084,1814,1814,3646,3646
2978,1951,1951,2059,2059,1899,1899,3814,3814,2029,2029,2073,2073,1754,1754,3206,3206
3312,1978,1978,2010,2010,1932,1932,2806,2806,1833,1833,1915,1915,1913,1913,2391,2391
3625,1900,1900,2024,2024,1887,1887,2311,2311,1870,1870,1973,1973,1829,1829,2141,2141
3503,2053,2053,2325,2325,1956,1956,2050,2050,1863,1863,2066,2066,1832,1832,1942,1942
2819,2030,2030,2517,2517,2113,2113,2130,2130,1740,1740,2139,2139,1937,1937,1850,1850
2448,2045,2045,2095,2095,2150,2150,2470,2470,1631,1631,1938,1938,1971,1971,1992,1992
1974,1962,1962,2576,2576,2071,2071,2369,2369,1851,1851,2087,2087,1970,1970,1962,1962
1898,1967,1967,2511,2511,1919,1919,2186,2186,1979,1979,2714,2714,2013,2013,2014,2014
1770,1992,1992,2330,2330,2022,2022,2318,2318,1964,1964,3278,3278,1908,1908,2027,2027
1980,2111,2111,2428,2428,2040,2040,2207,2207,1964,1964,3560,3560,1819,1819,2023,2023
2114,2015,2015,2682,2682,2566,2566,1907,1907,1936,1936,3563,3563,1920,1920,1867,1867
2584,2541,2541,2567,2567,2686,2686,2513,2513,2551,2551,3031,3031,2524,2524,2639,2639
2861,2569,2569,2730,2730,2618,2618,2592,2592,2503,2503,2792,2792,2498,2498,2567,2567
3267,2326,2326,2342,2342,2436,2436,3275,3275,2371,2371,2395,2395,2360,2360,3435,3435
3421,1818,1818,1881,1881,2012,2012,3905,3905,1846,1846,2140,2140,1999,1999,3789,3789
3344,1950,1950,1975,1975,1810,1810,4023,4023,2005,2005,2140,2140,1839,1839,3761,3761
2945,1805,1805,1983,1983,1827,1827,3715,3715,2011,2011,1924,1924,1808,1808,3330,3330
2565,1882,1882,2149,2149,1929,1929,2538,2538,1916,1916,1789,1789,1765,1765,2066,2066
2783,1863,1863,2404,2404,1930,1930,1731,1731,1910,1910,1776,1776,1759,1759,2084,2084
2765,1803,1803,2948,2948,1837,1837,1875,1875,1727,1727,1921,1921,1603,1603,1834,1834
2198,1870,1870,3130,3130,1857,1857,1970,1970,1771,1771,2022,2022,1824,1824,2023,2023
1950,1940,1940,2820,2820,1945,1945,2139,2139,1600,1600,1929,1929,1926,1926,2077,2077
1857,1832,1832,3029,3029,1923,1923,2118,2118,1790,1790,1911,1911,1934,1934,2013,2013
1811,1765,1765,3053,3053,1619,1619,1999,1999,1908,1908,2753,2753,1867,1867,2080,2080
1808,1894,1894,2972,2972,1831,1831,2052,2052,1794,1794,3208,3208,1828,1828,1960,1960
2059,1873,1873,3267,3267,1936,1936,2057,2057,1820,1820,3424,3424,1758,1758,1990,1990
2047,1830,1830,3256,3256,2371,2371,1937,1937,1847,1847,3420,3420,1925,1925,2157,2157
2507,2405,2405,2707,2707,2569,2569,2488,2488,2314,2314,2836,2836,2370,2370,2431,2431
2719,2529,2529,2563,2563,2569,2569,2496,2496,2449,2449,2719,2719,2656,2656,2564,2564
3003,2325,2325,2318,2318,2383,2383,2712,2712,2157,2157,2380,2380,2449,2449,3199,3199
2746,1732,1732,1764,1764,1731,1731,3416,3416,1642,1642,2293,2293,1782,1782,3642,3642
2767,1822,1822,1932,1932,1651,1651,3579,3579,1827,1827,2245,2245,1781,1781,3623,3623
2770,1747,1747,2096,2096,1723,1723,3307,3307,1672,1672,1963,1963,1747,1747,3158,3158
2386,1694,1694,2455,2455,1834,1834,2261,2261,1644,1644,1766,1766,1708,1708,1972,1972
2143,1659,1659,2640,2640,1802,1802,1773,1773,1735,1735,1603,1603,1685,1685,2059,2059
2038,1582,1582,3153,3153,1577,1577,1878,1878,1663,1663,1756,1756,1583,1583,1818,1818
1768,1770,1770,3341,3341,1517,1517,1798,1798,1596,1596,1694,1694,1522,1522,1932,1932
1653,1762,1762,3068,3068,1667,1667,1752,1752,1749,1749,1921,1921,1637,1637,1921,1921
1693,1729,1729,3083,3083,1676,1676,1886,1886,1730,1730,1849,1849,1726,1726,1732,1732
1743,1669,1669,3127,3127,1769,1769,1915,1915,1620,1620,2659,2659,1657,1657,1857,1857
1736,1828,1828,3244,3244,1895,1895,1717,1717,1619,1619,3001,3001,1590,1590,1762,1762
2031,1810,1810,3473,3473,1898,1898,1871,1871,1565,1565,2665,2665,1679,1679,1929,1929
1839,1783,1783,3376,3376,1716,1716,1936,1936,1769,1769,2826,2826,1788,1788,2210,2210
2341,2326,2326,2841,2841,2373,2373,2309,2309,2288,2288,2695,2695,2443,2443,2350,2350
2726,2720,2720,2702,2702,2692,2692,2660,2660,2699,2699,2726,2726,2751,2751,2707,2707
2636,2489,2489,2455,2455,2462,2462,2596,2596,2474,2474,2499,2499,2533,2533,2665,2665
2515,1549,1549,1678,1678,1717,1717,2760,2760,1687,1687,2178,2178,1643,1643,3088,3088
2583,1721,1721,1723,1723,1644,1644,2731,2731,1767,1767,2129,2129,1655,1655,3067,3067
2449,1530,1530,2008,2008,1698,1698,2396,2396,1490,1490,1932,1932,1549,1549,2527,2527
1809,1597,1597,2397,2397,1738,1738,1924,1924,1454,1454,1752,1752,1605,1605,1877,1877
1687,1601,1601,2575,2575,1607,1607,1650,1650,1249,1249,1372,1372,1708,1708,1724,1724
1647,1554,1554,3013,3013,1503,1503,1671,1671,1581,1581,1525,1525,1531,1531,1519,1519
1672,1623,1623,3199,3199,1409,1409,1619,1619,1623,1623,1599,1599,1390,1390,1652,1652
1540,1729,1729,2957,2957,1454,1454,1463,1463,1591,1591,1820,1820,1547,1547,1689,1689
1711,1594,1594,2661,2661,1612,1612,1534,1534,1566,1566,1484,1484,1562,1562,1696,1696
1705,1619,1619,2655,2655,1688,1688,1672,1672,1584,1584,2305,2305,1535,1535,1670,1670
1521,1523,1523,3108,3108,1750,1750,1713,1713,1659,1659,2872,2872,1561,1561,1439,1439
1758,1706,1706,3333,3333,1785,1785,1630,1630,1627,1627,2973,2973,1663,1663,1478,1478
1768,1662,1662,3160,3160,1772,1772,1740,1740,1715,1715,2652,2652,1730,1730,1756,1756
2496,2507,2507,2677,2677,2480,2480,2454,2454,2499,2499,2521,2521,2515,2515,2485,2485
2870,2870,2870,2874,2874,2885,2885,2887,2887,2873,2873,2888,2888,2901,2901,2850,2850
2637,2644,2644,2646,2646,2660,2660,2639,2639,2652,2652,2661,2661,2678,2678,2630,2630
1960,1749,1749,1537,1537,1750,1750,2527,2527,1623,1623,1846,1846,1582,1582,2473,2473
1931,1542,1542,1628,1628,1671,1671,2556,2556,1690,1690,1839,1839,1604,1604,2383,2383
1809,1546,1546,1745,1745,1631,1631,2150,2150,1547,1547,1719,1719,1563,1563,1837,1837
1508,1387,1387,2032,2032,1676,1676,1529,1529,1598,1598,1547,1547,1377,1377,1608,1608
1390,1638,1638,2143,2143,1559,1559,1397,1397,1407,1407,1583,1583,1522,1522,1582,1582
1600,1616,1616,2458,2458,1520,1520,1541,1541,1463,1463,1579,1579,1468,1468,1437,1437
1429,1585,1585,2647,2647,1502,1502,1638,1638,1503,1503,1694,1694,1467,1467,1600,1600
1586,1516,1516,2435,2435,1645,1645,1519,1519,1380,1380,1768,1768,1597,1597,1659,1659
1616,1607,1607,2221,2221,1535,1535,1609,1609,1529,1529,1611,1611,1598,1598,1583,1583
1548,1515,1515,2479,2479,1456,1456,1660,1660,1576,1576,1706,1706,1439,1439,1583,1583
1509,1595,1595,2696,2696,1631,1631,1467,1467,1709,1709,2372,2372,1623,1623,1595,1595
1582,1553,1553,2941,2941,1571,1571,1557,1557,1571,1571,2564,2564,1523,1523,1638,1638
1598,1724,1724,2646,2646,1700,1700,1625,1625,1714,1714,2169,2169,1670,1670,1666,1666
2651,2654,2654,2658,2658,2652,2652,2648,2648,2657,2657,2696,2696,2684,2684,2631,2631
3260,3249,3249,3250,3250,3258,3258,3263,3263,3261,3261,3263,3263,3258,3258,3254,3254
3040,3026,3026,3022,3022,3041,3041,3040,3040,3036,3036,3049,3049,3033,3033,3033,3033
1949,1986,1986,2030,2030,2022,2022,2050,2050,1933,1933,1900,1900,1872,1872,1970,1970
1553,1908,1908,1870,1870,1725,1725,1833,1833,1785,1785,1844,1844,1792,1792,1636,1636
1673,1640,1640,1626,1626,1788,1788,1685,1685,1784,1784,1708,1708,1753,1753,1844,1844
1532,1615,1615,1741,1741,1786,1786,1643,1643,1793,1793,1678,1678,1705,1705,1712,1712
1506,1616,1616,1737,1737,1670,1670,1817,1817,1555,1555,1757,1757,1776,1776,1744,1744
1536,1633,1633,1623,1623,1717,1717,1566,1566,1529,1529,1640,1640,1681,1681,1770,1770
1705,1589,1589,1564,1564,1687,1687,1601,1601,1537,1537,1716,1716,1491,1491,1666,1666
1623,1479,1479,1554,1554,1714,1714,1690,1690,1661,1661,1596,1596,1380,1380,1642,1642
1662,1491,1491,1920,1920,1714,1714,1799,1799,1672,1672,1708,1708,1639,1639,1635,1635
1776,1544,1544,2053,2053,1723,1723,1826,1826,1513,1513,1877,1877,1673,1673,1582,1582
1613,1618,1618,2224,2224,1684,1684,1808,1808,1804,1804,1868,1868,1709,1709,1642,1642
1530,1723,1723,2455,2455,1705,1705,1703,1703,1754,1754,2026,2026,1801,1801,1743,1743
1946,2031,2031,2133,2133,1986,1986,1879,1879,2058,2058,1998,1998,2044,2044,1994,1994
3030,3012,3012,3031,3031,3036,3036,3039,3039,3034,3034,3028,3028,3036,3036,3027,3027