data,data,data,data,data,data,data,data,data,data,data,data,data,data,data,data,data,data
4003,4003,3998,3998,3998,3998,4005,4005,3998,3998,4002,4002,4006,4006,4000,4000,4000,4000
3778,3778,3775,3775,3770,3770,3780,3780,3778,3778,3778,3778,3779,3779,3771,3771,3770,3770
2640,2640,2684,2684,2648,2648,2700,2700,2679,2679,2665,2665,2675,2675,2652,2652,2626,2626
2342,2342,2360,2360,2318,2318,2354,2354,2293,2293,2309,2309,2346,2346,2321,2321,2347,2347
2062,2062,1987,1987,2107,2107,2070,2070,2074,2074,2136,2136,2122,2122,2151,2151,2133,2133
1899,1899,1874,1874,1798,1798,1725,1725,1885,1885,1898,1898,1895,1895,1972,1972,1785,1785
1820,1820,1455,1455,1774,1774,1932,1932,1795,1795,1784,1784,1861,1861,1788,1788,1884,1884
1681,1681,1875,1875,1802,1802,1803,1803,1781,1781,1769,1769,1694,1694,1676,1676,1748,1748
1532,1532,1697,1697,1737,1737,1759,1759,1797,1797,1710,1710,1744,1744,1551,1551,1645,1645
1633,1633,1841,1841,1888,1888,1677,1677,1755,1755,1848,1848,1701,1701,1653,1653,1670,1670
1907,1907,1788,1788,1835,1835,1898,1898,1840,1840,1736,1736,1845,1845,1827,1827,1905,1905
1894,1894,1840,1840,1855,1855,2000,2000,1822,1822,2004,2004,1960,1960,1925,1925,1846,1846
2118,2118,2020,2020,2127,2127,2035,2035,2044,2044,2009,2009,2034,2034,2083,2083,2129,2129
2339,2339,2370,2370,2322,2322,2213,2213,2318,2318,2354,2354,2342,2342,2311,2311,2320,2320
2662,2662,2586,2586,2655,2655,2679,2679,2597,2597,2638,2638,2615,2615,2645,2645,2703,2703
3784,3784,3783,3783,3781,3781,3789,3789,3780,3780,3789,3789,3788,3788,3783,3783,3787,3787
4254,4254,4253,4253,4255,4255,4255,4255,4255,4255,4256,4256,4256,4256,4254,4254,4255,4255
4032,4032,4028,4028,4031,4031,4032,4032,4030,4030,4030,4030,4032,4032,4032,4032,4032,4032
2896,2896,2881,2881,2921,2921,2906,2906,2908,2908,2891,2891,2897,2897,2920,2920,2889,2889
2559,2559,2530,2530,2480,2480,2577,2577,2545,2545,2545,2545,2559,2559,2526,2526,2522,2522
2255,2255,2252,2252,2302,2302,2261,2261,2322,2322,2274,2274,2267,2267,2317,2317,2354,2354
2091,2091,2093,2093,2060,2060,2069,2069,2103,2103,2095,2095,2122,2122,2139,2139,2042,2042
1930,1930,1838,1838,1820,1820,1951,1951,1965,1965,1936,1936,1863,1863,1931,1931,1888,1888
1653,1653,1796,1796,1754,1754,1739,1739,1740,1740,1721,1721,1767,1767,1726,1726,1770,1770
1412,1412,1612,1612,1655,1655,1532,1532,1788,1788,1669,1669,1621,1621,1484,1484,1702,1702
1658,1658,1771,1771,1719,1719,1524,1524,1776,1776,1829,1829,1726,1726,1704,1704,1778,1778
1821,1821,1822,1822,1820,1820,1900,1900,1961,1961,1878,1878,1808,1808,1926,1926,1898,1898
2113,2113,2062,2062,2077,2077,2121,2121,2080,2080,2145,2145,2124,2124,2072,2072,2099,2099
2281,2281,2256,2256,2215,2215,2309,2309,2289,2289,2286,2286,2240,2240,2304,2304,2310,2310
2562,2562,2550,2550,2558,2558,2502,2502,2531,2531,2539,2539,2536,2536,2534,2534,2530,2530
2891,2891,2878,2878,2871,2871,2905,2905,2892,2892,2910,2910,2911,2911,2894,2894,2920,2920
4034,4034,4033,4033,4033,4033,4035,4035,4033,4033,4034,4034,4035,4035,4034,4034,4036,4036
4228,4228,4228,4228,4228,4228,4228,4228,4228,4228,4228,4228,4229,4229,4228,4228,4228,4228
4000,4000,4000,4000,4000,4000,4001,4001,4000,4000,4001,4001,4001,4001,4001,4001,4001,4001
2867,2867,2867,2867,2872,2872,2862,2862,2858,2858,2858,2858,2867,2867,2882,2882,2873,2873
2480,2480,2484,2484,2506,2506,2507,2507,2498,2498,2503,2503,2473,2473,2420,2420,2455,2455
2255,2255,2230,2230,2202,2202,2132,2132,2222,2222,2195,2195,2239,2239,2285,2285,2267,2267
1950,1950,1952,1952,2048,2048,2131,2131,2073,2073,2148,2148,2091,2091,1956,1956,2049,2049
1880,1880,1904,1904,1955,1955,1746,1746,1957,1957,1908,1908,1806,1806,1975,1975,1843,1843
1631,1631,1622,1622,1743,1743,1731,1731,1688,1688,1784,1784,1704,1704,1620,1620,1737,1737
1583,1583,1662,1662,1709,1709,1428,1428,1748,1748,1676,1676,1634,1634,1607,1607,1790,1790
1692,1692,1497,1497,1601,1601,1537,1537,1730,1730,1664,1664,1832,1832,1724,1724,1864,1864
2000,2000,1810,1810,1750,1750,1769,1769,1886,1886,1889,1889,1744,1744,1816,1816,1806,1806
1972,1972,2032,2032,2116,2116,2099,2099,1959,1959,2025,2025,2006,2006,2067,2067,2069,2069
2213,2213,2192,2192,2157,2157,2170,2170,2242,2242,2239,2239,2242,2242,2183,2183,2220,2220
2522,2522,2499,2499,2505,2505,2484,2484,2494,2494,2458,2458,2473,2473,2475,2475,2499,2499
2852,2852,2864,2864,2865,2865,2868,2868,2861,2861,2871,2871,2872,2872,2869,2869,2858,2858
3996,3996,3997,3997,3998,3998,3999,3999,3999,3999,3998,3998,3999,3999,3999,3999,3999,3999
3983,3983,3983,3983,3985,3985,3985,3985,3985,3985,3985,3985,3987,3987,3985,3985,3986,3986
3758,3758,3759,3759,3761,3761,3760,3760,3760,3760,3761,3761,3762,3762,3762,3762,3760,3760
2604,2604,2631,2631,2647,2647,2636,2636,2631,2631,2633,2633,2629,2629,2631,2631,2631,2631
2246,2246,2258,2258,2293,2293,2251,2251,2292,2292,2241,2241,2226,2226,2241,2241,2243,2243
1927,1927,2019,2019,1988,1988,2011,2011,1957,1957,2050,2050,2061,2061,1998,1998,1943,1943
1824,1824,1881,1881,1822,1822,1987,1987,1870,1870,1872,1872,1856,1856,1848,1848,1890,1890
1846,1846,1743,1743,1872,1872,1570,1570,1795,1795,1831,1831,1679,1679,1726,1726,1622,1622
1783,1783,1588,1588,1666,1666,1414,1414,1768,1768,1710,1710,1609,1609,1709,1709,1757,1757
1675,1675,1681,1681,1504,1504,1582,1582,1670,1670,1642,1642,1705,1705,1594,1594,1863,1863
1757,1757,1596,1596,1532,1532,1654,1654,1618,1618,1495,1495,1855,1855,1756,1756,1736,1736
1857,1857,1564,1564,1831,1831,1744,1744,1697,1697,1659,1659,1674,1674,1817,1817,1859,1859
1791,1791,1741,1741,1733,1733,1884,1884,1869,1869,1694,1694,1907,1907,1814,1814,1812,1812
1937,1937,2036,2036,2044,2044,2033,2033,1940,1940,2026,2026,2010,2010,2027,2027,1997,1997
2303,2303,2249,2249,2240,2240,2219,2219,2223,2223,2246,2246,2232,2232,2236,2236,2259,2259
2611,2611,2620,2620,2631,2631,2635,2635,2632,2632,2625,2625,2618,2618,2644,2644,2629,2629
3761,3761,3762,3762,3762,3762,3762,3762,3762,3762,3762,3762,3762,3762,3762,3762,3762,3762
3408,3408,3411,3411,3405,3405,3413,3413,3411,3411,3408,3408,3412,3412,3412,3412,3411,3411
3174,3174,3180,3180,3179,3179,3184,3184,3180,3180,3183,3183,3178,3178,3179,3179,3179,3179
2125,2125,2024,2024,2193,2193,2107,2107,2057,2057,2156,2156,2112,2112,1993,1993,2077,2077
1848,1848,1837,1837,1863,1863,1706,1706,1931,1931,1794,1794,1829,1829,1782,1782,1857,1857
1667,1667,1612,1612,1798,1798,1848,1848,1655,1655,1752,1752,1759,1759,1649,1649,1604,1604
1510,1510,1512,1512,1900,1900,1588,1588,1568,1568,1514,1514,1601,1601,1703,1703,1692,1692
1746,1746,1592,1592,1849,1849,1591,1591,1619,1619,1656,1656,1601,1601,1716,1716,1672,1672
1709,1709,1579,1579,1681,1681,1703,1703,1682,1682,1641,1641,1530,1530,1763,1763,1711,1711
1631,1631,1723,1723,1661,1661,1836,1836,1725,1725,1634,1634,1583,1583,1762,1762,1532,1532
1782,1782,1756,1756,1688,1688,1825,1825,1757,1757,1579,1579,1756,1756,1814,1814,1584,1584
1584,1584,1613,1613,1716,1716,1659,1659,1644,1644,1699,1699,1694,1694,1846,1846,1747,1747
1808,1808,1709,1709,1567,1567,1503,1503,1667,1667,1710,1710,1652,1652,1796,1796,1646,1646
1762,1762,1849,1849,1724,1724,1776,1776,1780,1780,1720,1720,1879,1879,1733,1733,1747,1747
1874,1874,1945,1945,1765,1765,1867,1867,1882,1882,1780,1780,1846,1846,1922,1922,1749,1749
1969,1969,2066,2066,2122,2122,2121,2121,2096,2096,2054,2054,2012,2012,2118,2118,2118,2118
3175,3175,3190,3190,3182,3182,3195,3195,3190,3190,3186,3186,3186,3186,3190,3190,3188,3188
2977,2977,2977,2977,2970,2970,2972,2972,2984,2984,2978,2978,2980,2980,2978,2978,2977,2977
2760,2760,2768,2768,2750,2750,2761,2761,2782,2782,2768,2768,2766,2766,2753,2753,2767,2767
1779,1779,1810,1810,1788,1788,1766,1766,1844,1844,1852,1852,1847,1847,1873,1873,1702,1702
1727,1727,1697,1697,1745,1745,1788,1788,1746,1746,1681,1681,1710,1710,1699,1699,1528,1528
1671,1671,1760,1760,1831,1831,1728,1728,1754,1754,1776,1776,1747,1747,1728,1728,1568,1568
1693,1693,1723,1723,1809,1809,1545,1545,1696,1696,1558,1558,1676,1676,1752,1752,1664,1664
1662,1662,1633,1633,1777,1777,1622,1622,1675,1675,1641,1641,1583,1583,1771,1771,1766,1766
1698,1698,1639,1639,1769,1769,1889,1889,1639,1639,1638,1638,1651,1651,1788,1788,1673,1673
1635,1635,1565,1565,1802,1802,1829,1829,1643,1643,1666,1666,1641,1641,1743,1743,1682,1682
1682,1682,1730,1730,1742,1742,1721,1721,1821,1821,1736,1736,1630,1630,1755,1755,1856,1856
1883,1883,1640,1640,1556,1556,1768,1768,1673,1673,1639,1639,1727,1727,1843,1843,1844,1844
1817,1817,1752,1752,1690,1690,1687,1687,1549,1549,1771,1771,1566,1566,1766,1766,1689,1689
1692,1692,1738,1738,1544,1544,1607,1607,1705,1705,1754,1754,1670,1670,1716,1716,1671,1671
1488,1488,1787,1787,1621,1621,1767,1767,1770,1770,1829,1829,1617,1617,1791,1791,1735,1735
1816,1816,1651,1651,1780,1780,1842,1842,1621,1621,1832,1832,1719,1719,1933,1933,1770,1770
2767,2767,2755,2755,2743,2743,2746,2746,2768,2768,2759,2759,2759,2759,2770,2770,2752,2752
2790,2790,2801,2801,2768,2768,2786,2786,2779,2779,2798,2798,2791,2791,2792,2792,2784,2784
2585,2585,2594,2594,2544,2544,2568,2568,2591,2591,2603,2603,2617,2617,2573,2573,2581,2581
1787,1787,1708,1708,1752,1752,1683,1683,1899,1899,1745,1745,1929,1929,1775,1775,1740,1740
1773,1773,1664,1664,1736,1736,1817,1817,1762,1762,1740,1740,1644,1644,1546,1546,1817,1817
1781,1781,1751,1751,1773,1773,1788,1788,1792,1792,1768,1768,1680,1680,1661,1661,1778,1778
1806,1806,1681,1681,1695,1695,1669,1669,1889,1889,1810,1810,1610,1610,1794,1794,1676,1676
1647,1647,1702,1702,1723,1723,1587,1587,1699,1699,1726,1726,1714,1714,1785,1785,1826,1826
1712,1712,1711,1711,1771,1771,1806,1806,1818,1818,1727,1727,1759,1759,1834,1834,1739,1739
1744,1744,1599,1599,1839,1839,1685,1685,1756,1756,1694,1694,1772,1772,1922,1922,1662,1662
1758,1758,1558,1558,1716,1716,1634,1634,1758,1758,1607,1607,1751,1751,1854,1854,1719,1719
1873,1873,1823,1823,1656,1656,1715,1715,1761,1761,1662,1662,1777,1777,1804,1804,1776,1776
1843,1843,1890,1890,1727,1727,1841,1841,1733,1733,1863,1863,1697,1697,1814,1814,1705,1705
1813,1813,1928,1928,1607,1607,1754,1754,1738,1738,1933,1933,1763,1763,1873,1873,1832,1832
1861,1861,1876,1876,1717,1717,1822,1822,1860,1860,1985,1985,1830,1830,1902,1902,1754,1754
1748,1748,1721,1721,1776,1776,1816,1816,1879,1879,1785,1785,1774,1774,1730,1730,1698,1698
2547,2547,2580,2580,2452,2452,2550,2550,2533,2533,2506,2506,2529,2529,2573,2573,2525,2525
2984,2984,2981,2981,2976,2976,2979,2979,2974,2974,2983,2983,2975,2975,2979,2979,2986,2986
2773,2773,2753,2753,2750,2750,2764,2764,2748,2748,2777,2777,2762,2762,2756,2756,2767,2767
1952,1952,1971,1971,1897,1897,1950,1950,1983,1983,2034,2034,1997,1997,1928,1928,1968,1968
1930,1930,1782,1782,1781,1781,1911,1911,1919,1919,1864,1864,1869,1869,1750,1750,1839,1839
1761,1761,1791,1791,1866,1866,1868,1868,1790,1790,1714,1714,1788,1788,1613,1613,1747,1747
1846,1846,1767,1767,1911,1911,1694,1694,1825,1825,1670,1670,1729,1729,1758,1758,1659,1659
1699,1699,1688,1688,1910,1910,1744,1744,1766,1766,1737,1737,1817,1817,1881,1881,1821,1821
1899,1899,1562,1562,1922,1922,1921,1921,1934,1934,1773,1773,1752,1752,1920,1920,1890,1890
1874,1874,1523,1523,1898,1898,1926,1926,1988,1988,1862,1862,1866,1866,1946,1946,1805,1805
1771,1771,1693,1693,1776,1776,1793,1793,1773,1773,1708,1708,1772,1772,1804,1804,1787,1787
1759,1759,1899,1899,1688,1688,1686,1686,1841,1841,1718,1718,1867,1867,1900,1900,1863,1863
1977,1977,2038,2038,1958,1958,2053,2053,2017,2017,1956,1956,2009,2009,2028,2028,1924,1924
2143,2143,2182,2182,2060,2060,2153,2153,2140,2140,2081,2081,2091,2091,2194,2194,2117,2117
2229,2229,2198,2198,2150,2150,2174,2174,2219,2219,2182,2182,2177,2177,2236,2236,2204,2204
2057,2057,2059,2059,2079,2079,2117,2117,2096,2096,2051,2051,1967,1967,1995,1995,1933,1933
2754,2754,2749,2749,2745,2745,2752,2752,2745,2745,2740,2740,2742,2742,2740,2740,2752,2752
3088,3088,3090,3090,3092,3092,3090,3090,3082,3082,3085,3085,3092,3092,3092,3092,3092,3092
2875,2875,2871,2871,2875,2875,2881,2881,2863,2863,2881,2881,2870,2870,2880,2880,2887,2887
2132,2132,2134,2134,2042,2042,2106,2106,2136,2136,2140,2140,2077,2077,2077,2077,2146,2146
2066,2066,1861,1861,1977,1977,2000,2000,2030,2030,2046,2046,1934,1934,1802,1802,1986,1986
1860,1860,1884,1884,1866,1866,1870,1870,1954,1954,1814,1814,1872,1872,1659,1659,1837,1837
1804,1804,1850,1850,1949,1949,1886,1886,1872,1872,1819,1819,1915,1915,1810,1810,1661,1661
1793,1793,1786,1786,1924,1924,1781,1781,1961,1961,1850,1850,1872,1872,1711,1711,1794,1794
1875,1875,1829,1829,1787,1787,1928,1928,1911,1911,1769,1769,1638,1638,1907,1907,1830,1830
1982,1982,1849,1849,1999,1999,2034,2034,2024,2024,1893,1893,1824,1824,1972,1972,1836,1836
1928,1928,1664,1664,1832,1832,1881,1881,1894,1894,1903,1903,1768,1768,1889,1889,1914,1914
1947,1947,1851,1851,1895,1895,1721,1721,1882,1882,1888,1888,1870,1870,1873,1873,1944,1944
1957,1957,2110,2110,2082,2082,2102,2102,2139,2139,2073,2073,2159,2159,2156,2156,2055,2055
2267,2267,2306,2306,2181,2181,2260,2260,2295,2295,2268,2268,2304,2304,2325,2325,2237,2237
2332,2332,2360,2360,2295,2295,2257,2257,2356,2356,2364,2364,2351,2351,2414,2414,2377,2377
2162,2162,2200,2200,2169,2169,2155,2155,2134,2134,2209,2209,2088,2088,2256,2256,2156,2156
2863,2863,2860,2860,2858,2858,2864,2864,2850,2850,2845,2845,2865,2865,2853,2853,2858,2858
2909,2909,2908,2908,2921,2921,2912,2912,2911,2911,2894,2894,2903,2903,2910,2910,2915,2915
2689,2689,2710,2710,2693,2693,2698,2698,2696,2696,2682,2682,2659,2659,2695,2695,2716,2716
2104,2104,2073,2073,2065,2065,2088,2088,2156,2156,2128,2128,2037,2037,2033,2033,2011,2011
2031,2031,1903,1903,1985,1985,1849,1849,1985,1985,1928,1928,1870,1870,1939,1939,2014,2014
1761,1761,1808,1808,1886,1886,1838,1838,1807,1807,1717,1717,1856,1856,1863,1863,1988,1988
1803,1803,1964,1964,2051,2051,1892,1892,1958,1958,1826,1826,1819,1819,1883,1883,1892,1892
1932,1932,2033,2033,2028,2028,1958,1958,2074,2074,1955,1955,1949,1949,1892,1892,2000,2000
1829,1829,1970,1970,1711,1711,1794,1794,1906,1906,1926,1926,1709,1709,1923,1923,1998,1998
1988,1988,1907,1907,1811,1811,1981,1981,1907,1907,1846,1846,1912,1912,2014,2014,1945,1945
1918,1918,1786,1786,1867,1867,1926,1926,1879,1879,1813,1813,1830,1830,1982,1982,1973,1973
2050,2050,1783,1783,1898,1898,1748,1748,1680,1680,1928,1928,1911,1911,1921,1921,1865,1865
1955,1955,1984,1984,2004,2004,1925,1925,1934,1934,1852,1852,2026,2026,2043,2043,1904,1904
2096,2096,2115,2115,2012,2012,2082,2082,2175,2175,2198,2198,2145,2145,2209,2209,2179,2179
2178,2178,2189,2189,2089,2089,2138,2138,2241,2241,2270,2270,2127,2127,2280,2280,2245,2245
1929,1929,2040,2040,1967,1967,2053,2053,2164,2164,2093,2093,2053,2053,2163,2163,2007,2007
2685,2685,2674,2674,2696,2696,2688,2688,2679,2679,2627,2627,2678,2678,2677,2677,2688,2688
2922,2922,2935,2935,2923,2923,2947,2947,2946,2946,2934,2934,2938,2938,2933,2933,2948,2948
2711,2711,2725,2725,2713,2713,2757,2757,2728,2728,2727,2727,2729,2729,2744,2744,2750,2750
1874,1874,2124,2124,1911,1911,2090,2090,2053,2053,2029,2029,1987,1987,2004,2004,1988,1988
1863,1863,1871,1871,1916,1916,1883,1883,1948,1948,1773,1773,1960,1960,1930,1930,1984,1984
1870,1870,1744,1744,1941,1941,1818,1818,1879,1879,1853,1853,1965,1965,1970,1970,1915,1915
1792,1792,1922,1922,2042,2042,1925,1925,1876,1876,1757,1757,1827,1827,1966,1966,1920,1920
1970,1970,1907,1907,1886,1886,1800,1800,1995,1995,1897,1897,1876,1876,1900,1900,1915,1915
1899,1899,1844,1844,1884,1884,1860,1860,1900,1900,2007,2007,1833,1833,1905,1905,1955,1955
1739,1739,1835,1835,1849,1849,1896,1896,1784,1784,1846,1846,1754,1754,1915,1915,1967,1967
1787,1787,1703,1703,1950,1950,1954,1954,1944,1944,1852,1852,1716,1716,1969,1969,1966,1966
2018,2018,1746,1746,1957,1957,1851,1851,1875,1875,1849,1849,1855,1855,1969,1969,1817,1817
2021,2021,1835,1835,1839,1839,1842,1842,1797,1797,1808,1808,1886,1886,1978,1978,1864,1864
1809,1809,1894,1894,1903,1903,1926,1926,1878,1878,1939,1939,1889,1889,1910,1910,1814,1814
1813,1813,1949,1949,1824,1824,1993,1993,2014,2014,1962,1962,1978,1978,1896,1896,1829,1829
1911,1911,1821,1821,1932,1932,2011,2011,1909,1909,1951,1951,1937,1937,1896,1896,1918,1918
2680,2680,2692,2692,2690,2690,2691,2691,2702,2702,2690,2690,2702,2702,2702,2702,2723,2723
2819,2819,2822,2822,2819,2819,2831,2831,2811,2811,2831,2831,2816,2816,2840,2840,2810,2810
2607,2607,2589,2589,2615,2615,2626,2626,2567,2567,2646,2646,2610,2610,2613,2613,2590,2590
1799,1799,2015,2015,1822,1822,2024,2024,1967,1967,1968,1968,1996,1996,1834,1834,2005,2005
1782,1782,1835,1835,1793,1793,1942,1942,1941,1941,1879,1879,2065,2065,1801,1801,1916,1916
1749,1749,1720,1720,1891,1891,1796,1796,1930,1930,1813,1813,1993,1993,1904,1904,1838,1838
1817,1817,1677,1677,1852,1852,1747,1747,1952,1952,1722,1722,2028,2028,1836,1836,1878,1878
1888,1888,1846,1846,1901,1901,1763,1763,1893,1893,1776,1776,1915,1915,1840,1840,1823,1823
1912,1912,1843,1843,1788,1788,1859,1859,1915,1915,1941,1941,1825,1825,1779,1779,1876,1876
1731,1731,1842,1842,1814,1814,1762,1762,1822,1822,1932,1932,1838,1838,1868,1868,1920,1920
1790,1790,1824,1824,1937,1937,1849,1849,1915,1915,1919,1919,1854,1854,1895,1895,1784,1784
1942,1942,1792,1792,1891,1891,1850,1850,1971,1971,1931,1931,1884,1884,1942,1942,1763,1763
1730,1730,1817,1817,1805,1805,1842,1842,1928,1928,1837,1837,1933,1933,1932,1932,1857,1857
1900,1900,1686,1686,1890,1890,1809,1809,1901,1901,1840,1840,1929,1929,1797,1797,1882,1882
1768,1768,1730,1730,1831,1831,1807,1807,1806,1806,1906,1906,2000,2000,1807,1807,1971,1971
1870,1870,1825,1825,1950,1950,1746,1746,1870,1870,1848,1848,1919,1919,1886,1886,1874,1874
2583,2583,2595,2595,2559,2559,2630,2630,2606,2606,2585,2585,2581,2581,2628,2628,2584,2584
2450,2450,2462,2462,2403,2403,2507,2507,2514,2514,2503,2503,2475,2475,2546,2546,2510,2510
2270,2270,2262,2262,2247,2247,2309,2309,2323,2323,2383,2383,2307,2307,2364,2364,2293,2293
1974,1974,1869,1869,1902,1902,1921,1921,1997,1997,1901,1901,1843,1843,1822,1822,1858,1858
1837,1837,1965,1965,1852,1852,1861,1861,1898,1898,1820,1820,1789,1789,1663,1663,1861,1861
1773,1773,1841,1841,1929,1929,1868,1868,1891,1891,1673,1673,1843,1843,1772,1772,1763,1763
1881,1881,1792,1792,1667,1667,1898,1898,1956,1956,1736,1736,2020,2020,1794,1794,1641,1641
1876,1876,1769,1769,1678,1678,1835,1835,1986,1986,1823,1823,1885,1885,1781,1781,1859,1859
1858,1858,1881,1881,1823,1823,1726,1726,1841,1841,1930,1930,1873,1873,1893,1893,1834,1834
1703,1703,1798,1798,1783,1783,1832,1832,1801,1801,1913,1913,1774,1774,1872,1872,1855,1855
1774,1774,1776,1776,1900,1900,1778,1778,1866,1866,1793,1793,1934,1934,1939,1939,1869,1869
1900,1900,1884,1884,1931,1931,1773,1773,1814,1814,1884,1884,1833,1833,1922,1922,1834,1834
1902,1902,1876,1876,1787,1787,1927,1927,1711,1711,1971,1971,1887,1887,1867,1867,1876,1876
1904,1904,1752,1752,1832,1832,1875,1875,1913,1913,1873,1873,1970,1970,1732,1732,1996,1996
1847,1847,1814,1814,1831,1831,1870,1870,1830,1830,1854,1854,2025,2025,1852,1852,1941,1941
1734,1734,1848,1848,1946,1946,1790,1790,1892,1892,1951,1951,1978,1978,1984,1984,1894,1894
2250,2250,2241,2241,2181,2181,2320,2320,2359,2359,2280,2280,2329,2329,2311,2311,2323,2323
2098,2098,2120,2120,2182,2182,2105,2105,2310,2310,2231,2231,2224,2224,2218,2218,2155,2155
2019,2019,2017,2017,2052,2052,1978,1978,2093,2093,2060,2060,2030,2030,2072,2072,1960,1960
1912,1912,1849,1849,1872,1872,1834,1834,2007,2007,1925,1925,1871,1871,1679,1679,1695,1695
1818,1818,1943,1943,1785,1785,1807,1807,1763,1763,1850,1850,1901,1901,1724,1724,1684,1684
1841,1841,1827,1827,1809,1809,1800,1800,1895,1895,1855,1855,1827,1827,1862,1862,1850,1850
1766,1766,1789,1789,1710,1710,1764,1764,1965,1965,1828,1828,1880,1880,1857,1857,1684,1684
1883,1883,1866,1866,1674,1674,1870,1870,2021,2021,1893,1893,1961,1961,1935,1935,1759,1759
1807,1807,1752,1752,1790,1790,1830,1830,1799,1799,1876,1876,1759,1759,1675,1675,1723,1723
1879,1879,1772,1772,1878,1878,1874,1874,1873,1873,1941,1941,1878,1878,1745,1745,1845,1845
1777,1777,1817,1817,1882,1882,1761,1761,1829,1829,1877,1877,1973,1973,1860,1860,1853,1853
1682,1682,1992,1992,1802,1802,1843,1843,1834,1834,1768,1768,1997,1997,1831,1831,1803,1803
1870,1870,1884,1884,1639,1639,1903,1903,1751,1751,1896,1896,1867,1867,1845,1845,1884,1884
1799,1799,1829,1829,1670,1670,1794,1794,1595,1595,1971,1971,1693,1693,1744,1744,1995,1995
1838,1838,1897,1897,1950,1950,1917,1917,1572,1572,1855,1855,1870,1870,1749,1749,1944,1944
1898,1898,1907,1907,1904,1904,1895,1895,1852,1852,1878,1878,1866,1866,1822,1822,1711,1711
1946,1946,1957,1957,1951,1951,2007,2007,2170,2170,2152,2152,1972,1972,2088,2088,1917,1917
2197,2197,2279,2279,2093,2093,2164,2164,2314,2314,2235,2235,2244,2244,1914,1914,2054,2054
2036,2036,2045,2045,2062,2062,2042,2042,2117,2117,2060,2060,2110,2110,1955,1955,1972,1972
1835,1835,1938,1938,1970,1970,1794,1794,1919,1919,1975,1975,1890,1890,1822,1822,1933,1933
1765,1765,2014,2014,1778,1778,1836,1836,1828,1828,1927,1927,1963,1963,1853,1853,1867,1867
1695,1695,1808,1808,1711,1711,1766,1766,1849,1849,1941,1941,1821,1821,1841,1841,1901,1901
1875,1875,1868,1868,1711,1711,1892,1892,1951,1951,1907,1907,1832,1832,1755,1755,1905,1905
1873,1873,1921,1921,1755,1755,1957,1957,1845,1845,1913,1913,1901,1901,1884,1884,1886,1886
1794,1794,1816,1816,1835,1835,1850,1850,1892,1892,1909,1909,1854,1854,1814,1814,1826,1826
1808,1808,1717,1717,1906,1906,1834,1834,1806,1806,1928,1928,1945,1945,1771,1771,1864,1864
1848,1848,1955,1955,1814,1814,1892,1892,1747,1747,1784,1784,1866,1866,1792,1792,1801,1801
1883,1883,2039,2039,1807,1807,1952,1952,1902,1902,1754,1754,1970,1970,1923,1923,1901,1901
1832,1832,1849,1849,1783,1783,1910,1910,1750,1750,1945,1945,1909,1909,1767,1767,1817,1817
1764,1764,1777,1777,1812,1812,1907,1907,1798,1798,1930,1930,1926,1926,1773,1773,1880,1880
1731,1731,1932,1932,1702,1702,1813,1813,1760,1760,1934,1934,1882,1882,1917,1917,1883,1883
1850,1850,2005,2005,1834,1834,1969,1969,1845,1845,1894,1894,1897,1897,1913,1913,1845,1845
2014,2014,2176,2176,1941,1941,1991,1991,2131,2131,2066,2066,1943,1943,2014,2014,1959,1959
2041,2041,2211,2211,1983,1983,2266,2266,2140,2140,2116,2116,2129,2129,2094,2094,2118,2118
1940,1940,2047,2047,1963,1963,2070,2070,1972,1972,1976,1976,2038,2038,1967,1967,2007,2007
1786,1786,2026,2026,1954,1954,1827,1827,1879,1879,2065,2065,1762,1762,1906,1906,1948,1948
1857,1857,2120,2120,1853,1853,1977,1977,1945,1945,1916,1916,1845,1845,1928,1928,1878,1878
1950,1950,1942,1942,1851,1851,1779,1779,1956,1956,2044,2044,1830,1830,1939,1939,1801,1801
1870,1870,1864,1864,1853,1853,1951,1951,1894,1894,1870,1870,1933,1933,1799,1799,1802,1802
1892,1892,1924,1924,1679,1679,1933,1933,1866,1866,1835,1835,1874,1874,1883,1883,1809,1809
1841,1841,1658,1658,1849,1849,1932,1932,1935,1935,1949,1949,1790,1790,1919,1919,1874,1874
1902,1902,1892,1892,1859,1859,1940,1940,1874,1874,1888,1888,1694,1694,1918,1918,1738,1738
1745,1745,1942,1942,1831,1831,1892,1892,1821,1821,1906,1906,1721,1721,1911,1911,1848,1848
1856,1856,1947,1947,1796,1796,1827,1827,1863,1863,1814,1814,1843,1843,1819,1819,1931,1931
1970,1970,1909,1909,1815,1815,1960,1960,1839,1839,1920,1920,1946,1946,1788,1788,1916,1916
1901,1901,1779,1779,1813,1813,1805,1805,1831,1831,1876,1876,1925,1925,1897,1897,1868,1868
1922,1922,1901,1901,1749,1749,1891,1891,1653,1653,1921,1921,1762,1762,1918,1918,1925,1925
1879,1879,1805,1805,1727,1727,1940,1940,1853,1853,1944,1944,1816,1816,1806,1806,1930,1930
1890,1890,2046,2046,1810,1810,2039,2039,2041,2041,1993,1993,1840,1840,1978,1978,1985,1985
1931,1931,2175,2175,2074,2074,2089,2089,1972,1972,2147,2147,2028,2028,2162,2162,2017,2017
1878,1878,1982,1982,2041,2041,1885,1885,1878,1878,2106,2106,1973,1973,2134,2134,1856,1856
1964,1964,1903,1903,1943,1943,1683,1683,1861,1861,2053,2053,1881,1881,2019,2019,1753,1753
1915,1915,2085,2085,1872,1872,1916,1916,1866,1866,1874,1874,1922,1922,1975,1975,1963,1963
1758,1758,2060,2060,1905,1905,1905,1905,1960,1960,1980,1980,1938,1938,1927,1927,1951,1951
1933,1933,1944,1944,1848,1848,1930,1930,2013,2013,1889,1889,1870,1870,1935,1935,1790,1790
1978,1978,1943,1943,1844,1844,1999,1999,1957,1957,1829,1829,1883,1883,1813,1813,1906,1906
1899,1899,1947,1947,1824,1824,1946,1946,2016,2016,1876,1876,1636,1636,1881,1881,2016,2016
1769,1769,1852,1852,1808,1808,1941,1941,2002,2002,1826,1826,1625,1625,1895,1895,1857,1857
1912,1912,1916,1916,1624,1624,1886,1886,1890,1890,1807,1807,1855,1855,1846,1846,1801,1801
1850,1850,1787,1787,1855,1855,1925,1925,1988,1988,1908,1908,1825,1825,1759,1759,1817,1817
1872,1872,1775,1775,1902,1902,2041,2041,1885,1885,1930,1930,1881,1881,1908,1908,1746,1746
1992,1992,1886,1886,1953,1953,1938,1938,1919,1919,1959,1959,1846,1846,1891,1891,1948,1948
1998,1998,1967,1967,1936,1936,1772,1772,1897,1897,1960,1960,1731,1731,1782,1782,2016,2016
1878,1878,1903,1903,1868,1868,1952,1952,2013,2013,1978,1978,1766,1766,1819,1819,1891,1891
1928,1928,1987,1987,1871,1871,2067,2067,2031,2031,2042,2042,1887,1887,1796,1796,1979,1979
2024,2024,2251,2251,2124,2124,2096,2096,2128,2128,2153,2153,1997,1997,2073,2073,2138,2138
1908,1908,2100,2100,2064,2064,1917,1917,2013,2013,2150,2150,1932,1932,2010,2010,1941,1941
1857,1857,1942,1942,1950,1950,1866,1866,1982,1982,1938,1938,1919,1919,2058,2058,1749,1749
1801,1801,1957,1957,1777,1777,1937,1937,1951,1951,1911,1911,1965,1965,1979,1979,1943,1943
1876,1876,1937,1937,1851,1851,1927,1927,1921,1921,1943,1943,1961,1961,1883,1883,1871,1871
1980,1980,1958,1958,1822,1822,1895,1895,1968,1968,1897,1897,1904,1904,1861,1861,1882,1882
2045,2045,1914,1914,1889,1889,1911,1911,1976,1976,1851,1851,1870,1870,1827,1827,1866,1866
1900,1900,1958,1958,1864,1864,1950,1950,2013,2013,1928,1928,1864,1864,1857,1857,1956,1956
1829,1829,1840,1840,1849,1849,1859,1859,2005,2005,1899,1899,1840,1840,1948,1948,1796,1796
1970,1970,1892,1892,1877,1877,1850,1850,1859,1859,1876,1876,1883,1883,1766,1766,1914,1914
1924,1924,1890,1890,1714,1714,1994,1994,1880,1880,2020,2020,1664,1664,1924,1924,1726,1726
1956,1956,1541,1541,1891,1891,2087,2087,1857,1857,2028,2028,1968,1968,1930,1930,1823,1823
1976,1976,1872,1872,2016,2016,2008,2008,2047,2047,2016,2016,1960,1960,1834,1834,1875,1875
1935,1935,1922,1922,1976,1976,1894,1894,2039,2039,1918,1918,1850,1850,1823,1823,1943,1943
1917,1917,1958,1958,1853,1853,1851,1851,2036,2036,2030,2030,1787,1787,1815,1815,1756,1756
2072,2072,2143,2143,1940,1940,2082,2082,2005,2005,2055,2055,1962,1962,1912,1912,2046,2046
2133,2133,2145,2145,1968,1968,2123,2123,1957,1957,2105,2105,2018,2018,2002,2002,2060,2060
1984,1984,1999,1999,1911,1911,1967,1967,2015,2015,2075,2075,1912,1912,1843,1843,1984,1984
1809,1809,1971,1971,1971,1971,1841,1841,1887,1887,1981,1981,1915,1915,1931,1931,1775,1775
1707,1707,1982,1982,1758,1758,1915,1915,1832,1832,1958,1958,1944,1944,1869,1869,1621,1621
1941,1941,1954,1954,1740,1740,1981,1981,1886,1886,1731,1731,1872,1872,1819,1819,1742,1742
1906,1906,1927,1927,1954,1954,1982,1982,1927,1927,1794,1794,1877,1877,1850,1850,1686,1686
1890,1890,1932,1932,1889,1889,1890,1890,2016,2016,1794,1794,2017,2017,1815,1815,1751,1751
1996,1996,1910,1910,1800,1800,1799,1799,2047,2047,1998,1998,2013,2013,1752,1752,1886,1886
1919,1919,1852,1852,1916,1916,1883,1883,1957,1957,1984,1984,1867,1867,1835,1835,1858,1858
1915,1915,1980,1980,1942,1942,1897,1897,1816,1816,1924,1924,1800,1800,1855,1855,1776,1776
2068,2068,1958,1958,1952,1952,1918,1918,1827,1827,1982,1982,1577,1577,1914,1914,1744,1744
2108,2108,1851,1851,1976,1976,1984,1984,1910,1910,2035,2035,1871,1871,1885,1885,1859,1859
1946,1946,1762,1762,1951,1951,1978,1978,1923,1923,1965,1965,2006,2006,1895,1895,1892,1892
1830,1830,1898,1898,1881,1881,1853,1853,1967,1967,1890,1890,1896,1896,1920,1920,1830,1830
1798,1798,1910,1910,1760,1760,1804,1804,2069,2069,1962,1962,1766,1766,1944,1944,1786,1786
2059,2059,2022,2022,1838,1838,2033,2033,2055,2055,2025,2025,1939,1939,1916,1916,2114,2114
2027,2027,1994,1994,2004,2004,1949,1949,1963,1963,2013,2013,1909,1909,1982,1982,1963,1963
1836,1836,1919,1919,1927,1927,1859,1859,2011,2011,1987,1987,1881,1881,1908,1908,1842,1842
1814,1814,1781,1781,1890,1890,1801,1801,1902,1902,1949,1949,1754,1754,1767,1767,1771,1771
1856,1856,1939,1939,1913,1913,1879,1879,1782,1782,1897,1897,1931,1931,1861,1861,1775,1775
1899,1899,1959,1959,1937,1937,1889,1889,1831,1831,1773,1773,2031,2031,1905,1905,1907,1907
1853,1853,2019,2019,1935,1935,2016,2016,1900,1900,1714,1714,1889,1889,1923,1923,1836,1836
1795,1795,1926,1926,1895,1895,1990,1990,2014,2014,1958,1958,1967,1967,1886,1886,1865,1865
1939,1939,1951,1951,1753,1753,1891,1891,2001,2001,2047,2047,1879,1879,1893,1893,1928,1928
1831,1831,1823,1823,1880,1880,1872,1872,2007,2007,1859,1859,1950,1950,1738,1738,1986,1986
1934,1934,1935,1935,1913,1913,1833,1833,1942,1942,1844,1844,1889,1889,1782,1782,1917,1917
2085,2085,1838,1838,1940,1940,1855,1855,1869,1869,1909,1909,1797,1797,1745,1745,1835,1835
2094,2094,1803,1803,1908,1908,1975,1975,1909,1909,1957,1957,1878,1878,1815,1815,1933,1933
1997,1997,1877,1877,1839,1839,2045,2045,1952,1952,1918,1918,1995,1995,1963,1963,1838,1838
1920,1920,1908,1908,1914,1914,1998,1998,1894,1894,1675,1675,1932,1932,1955,1955,1906,1906
1949,1949,1911,1911,1878,1878,1867,1867,2114,2114,1791,1791,1785,1785,1933,1933,1906,1906
2001,2001,2005,2005,1861,1861,1884,1884,2063,2063,1969,1969,1885,1885,2023,2023,2088,2088
2010,2010,1956,1956,2115,2115,2024,2024,1911,1911,1987,1987,1982,1982,1874,1874,1960,1960
1725,1725,1951,1951,2126,2126,1922,1922,1978,1978,1828,1828,1900,1900,1911,1911,1754,1754
1767,1767,1962,1962,1936,1936,1936,1936,1995,1995,1948,1948,1832,1832,1885,1885,1929,1929
1753,1753,1991,1991,1878,1878,1775,1775,1930,1930,1931,1931,1978,1978,1707,1707,1898,1898
1897,1897,1961,1961,1905,1905,1866,1866,1900,1900,1858,1858,1863,1863,2018,2018,1966,1966
1754,1754,1993,1993,2023,2023,1955,1955,1894,1894,1779,1779,1951,1951,2060,2060,1938,1938
1734,1734,1976,1976,2017,2017,1962,1962,2028,2028,1790,1790,1871,1871,1915,1915,1903,1903
1857,1857,1904,1904,1870,1870,1925,1925,1906,1906,1972,1972,1694,1694,1823,1823,1763,1763
1792,1792,1848,1848,1783,1783,1863,1863,1808,1808,1870,1870,1938,1938,1869,1869,1903,1903
1911,1911,1818,1818,1792,1792,1901,1901,1951,1951,1781,1781,1905,1905,1869,1869,1984,1984
2010,2010,1735,1735,1907,1907,1898,1898,1942,1942,1869,1869,1946,1946,1837,1837,1791,1791
2041,2041,1834,1834,1889,1889,1682,1682,1882,1882,1809,1809,1916,1916,1906,1906,1991,1991
1975,1975,1945,1945,1909,1909,1811,1811,1920,1920,1900,1900,1942,1942,1987,1987,2009,2009
1897,1897,1925,1925,1956,1956,1963,1963,1904,1904,1838,1838,1886,1886,1916,1916,1867,1867
1822,1822,1752,1752,1927,1927,1843,1843,2021,2021,2033,2033,1901,1901,1910,1910,1979,1979
1898,1898,1811,1811,1878,1878,1933,1933,2004,2004,2008,2008,1733,1733,1954,1954,2009,2009
1996,1996,1792,1792,1917,1917,2067,2067,1915,1915,2136,2136,1826,1826,1987,1987,1977,1977
1816,1816,1856,1856,2000,2000,1978,1978,1907,1907,2034,2034,1956,1956,1940,1940,1979,1979
1819,1819,1885,1885,1957,1957,1913,1913,1908,1908,1975,1975,1879,1879,1912,1912,1960,1960
1943,1943,1855,1855,1851,1851,1985,1985,1976,1976,1852,1852,1997,1997,1948,1948,1930,1930
2027,2027,1814,1814,1792,1792,1968,1968,2018,2018,1947,1947,1853,1853,1979,1979,1942,1942
1998,1998,1922,1922,2031,2031,1881,1881,1949,1949,1916,1916,1796,1796,2008,2008,1846,1846
1892,1892,2023,2023,2017,2017,1839,1839,1995,1995,1754,1754,1820,1820,1901,1901,1795,1795
1928,1928,2114,2114,1954,1954,1788,1788,1989,1989,1883,1883,1885,1885,1918,1918,1841,1841
1948,1948,2002,2002,1924,1924,1763,1763,1879,1879,1859,1859,2005,2005,1980,1980,1863,1863
1932,1932,1808,1808,1786,1786,1938,1938,1866,1866,1920,1920,1985,1985,1867,1867,1921,1921
1931,1931,1884,1884,1845,1845,1914,1914,1910,1910,1831,1831,2088,2088,1813,1813,1956,1956
1724,1724,1873,1873,2005,2005,1807,1807,1863,1863,1717,1717,1923,1923,1953,1953,2002,2002
1807,1807,2014,2014,1966,1966,1781,1781,1703,1703,1800,1800,1854,1854,1994,1994,1891,1891
1944,1944,1959,1959,1966,1966,1779,1779,1830,1830,1833,1833,1940,1940,1998,1998,1869,1869
2005,2005,1781,1781,2041,2041,1835,1835,2026,2026,1910,1910,1876,1876,2008,2008,1995,1995
1920,1920,1795,1795,1951,1951,1971,1971,1927,1927,2029,2029,1830,1830,2005,2005,1955,1955
1941,1941,1867,1867,1943,1943,2091,2091,2036,2036,2198,2198,1926,1926,2063,2063,2137,2137
1829,1829,1868,1868,1831,1831,2031,2031,1976,1976,2105,2105,1972,1972,2111,2111,2048,2048
1833,1833,1881,1881,1866,1866,1926,1926,1781,1781,2055,2055,1995,1995,1943,1943,1923,1923
1885,1885,1692,1692,1961,1961,1920,1920,1916,1916,1944,1944,1988,1988,1906,1906,1997,1997
1785,1785,1811,1811,1940,1940,2008,2008,1804,1804,1979,1979,1790,1790,1930,1930,1934,1934
1968,1968,1842,1842,2007,2007,1751,1751,1803,1803,1892,1892,1883,1883,1940,1940,1603,1603
1923,1923,1960,1960,1931,1931,1906,1906,1811,1811,1724,1724,1988,1988,1898,1898,1759,1759
1902,1902,1994,1994,1879,1879,1719,1719,1811,1811,1765,1765,1872,1872,1913,1913,1878,1878
1665,1665,1847,1847,1801,1801,1529,1529,1836,1836,1890,1890,1916,1916,1903,1903,1896,1896
1897,1897,1888,1888,1812,1812,1852,1852,1820,1820,1859,1859,1964,1964,1930,1930,1999,1999
1939,1939,2012,2012,1816,1816,1904,1904,1824,1824,1902,1902,2142,2142,1768,1768,1930,1930
1796,1796,1991,1991,1904,1904,1858,1858,1881,1881,1906,1906,1962,1962,2016,2016,1964,1964
1841,1841,2044,2044,1985,1985,1988,1988,1809,1809,1793,1793,1941,1941,2016,2016,1974,1974
1938,1938,1876,1876,1987,1987,1898,1898,1819,1819,1797,1797,2053,2053,1966,1966,1782,1782
1885,1885,1881,1881,2046,2046,1846,1846,1946,1946,1944,1944,2015,2015,2031,2031,2004,2004
1904,1904,1818,1818,2036,2036,1926,1926,1930,1930,2079,2079,1912,1912,2048,2048,2076,2076
2071,2071,2107,2107,2110,2110,2042,2042,2011,2011,2092,2092,2041,2041,2102,2102,2175,2175
2009,2009,1948,1948,1892,1892,1996,1996,2063,2063,2083,2083,1900,1900,2084,2084,2083,2083
1929,1929,1956,1956,1767,1767,1918,1918,1835,1835,2043,2043,1768,1768,1926,1926,1929,1929
1710,1710,1865,1865,1916,1916,1988,1988,1757,1757,1969,1969,2006,2006,1834,1834,2027,2027
1909,1909,1854,1854,1907,1907,1956,1956,1740,1740,1968,1968,2070,2070,1910,1910,1862,1862
1757,1757,1907,1907,1981,1981,1805,1805,1730,1730,1796,1796,1986,1986,1957,1957,1850,1850
1860,1860,1910,1910,1939,1939,1907,1907,1821,1821,1851,1851,1879,1879,1824,1824,1904,1904
1875,1875,1848,1848,1817,1817,1908,1908,1829,1829,1655,1655,1791,1791,1833,1833,1968,1968
1761,1761,1819,1819,1963,1963,1894,1894,1861,1861,1847,1847,1843,1843,1790,1790,1836,1836
1838,1838,1880,1880,1723,1723,1789,1789,1909,1909,1728,1728,2034,2034,1913,1913,1936,1936
1965,1965,1923,1923,1954,1954,1907,1907,2007,2007,1884,1884,2079,2079,1899,1899,1892,1892
1854,1854,2058,2058,2025,2025,1922,1922,1908,1908,2000,2000,2005,2005,1958,1958,1921,1921
1822,1822,2042,2042,1827,1827,1978,1978,1770,1770,1899,1899,1999,1999,1974,1974,1975,1975
1717,1717,1863,1863,2052,2052,1765,1765,1718,1718,1752,1752,1921,1921,1870,1870,1978,1978
1873,1873,1816,1816,1984,1984,1802,1802,1841,1841,1799,1799,1915,1915,2074,2074,2067,2067
2025,2025,1945,1945,1958,1958,1855,1855,1951,1951,1979,1979,1946,1946,1997,1997,2158,2158
2420,2420,2391,2391,2323,2323,2283,2283,2169,2169,2348,2348,2413,2413,2386,2386,2428,2428
2282,2282,2178,2178,2025,2025,2215,2215,2127,2127,2201,2201,2210,2210,2204,2204,2199,2199
2094,2094,1904,1904,2043,2043,1931,1931,1888,1888,1967,1967,1888,1888,1971,1971,1917,1917
1906,1906,1942,1942,1993,1993,2036,2036,1821,1821,1972,1972,1914,1914,1909,1909,1830,1830
2015,2015,1868,1868,1809,1809,2036,2036,1871,1871,1941,1941,2051,2051,2055,2055,1829,1829
1750,1750,1779,1779,1909,1909,1934,1934,1964,1964,1738,1738,1999,1999,1944,1944,1896,1896
1961,1961,1791,1791,1931,1931,1876,1876,1839,1839,1943,1943,1770,1770,1786,1786,1798,1798
1938,1938,1726,1726,1889,1889,2015,2015,1930,1930,1764,1764,1797,1797,1884,1884,1800,1800
1895,1895,1911,1911,1856,1856,1956,1956,1929,1929,1827,1827,1681,1681,1904,1904,1879,1879
1849,1849,2034,2034,1856,1856,1818,1818,1948,1948,1770,1770,1925,1925,1844,1844,1896,1896
1868,1868,1928,1928,1881,1881,1849,1849,2071,2071,1902,1902,1998,1998,1897,1897,1922,1922
1849,1849,1942,1942,2018,2018,1910,1910,1920,1920,2027,2027,1810,1810,1884,1884,1815,1815
1746,1746,2056,2056,1919,1919,1913,1913,1872,1872,1993,1993,2007,2007,1961,1961,1912,1912
1836,1836,1969,1969,2002,2002,1762,1762,1819,1819,1738,1738,2039,2039,2010,2010,1925,1925
1913,1913,1955,1955,1998,1998,1792,1792,1728,1728,1785,1785,1801,1801,1987,1987,1909,1909
2229,2229,2107,2107,2139,2139,2037,2037,2153,2153,2168,2168,2223,2223,2220,2220,2264,2264
2509,2509,2462,2462,2426,2426,2400,2400,2401,2401,2326,2326,2509,2509,2417,2417,2425,2425
2334,2334,2260,2260,2196,2196,2164,2164,2117,2117,2231,2231,2291,2291,2171,2171,2237,2237
2019,2019,1846,1846,2133,2133,1955,1955,1870,1870,1961,1961,1923,1923,1907,1907,1800,1800
2007,2007,1951,1951,2033,2033,1848,1848,1939,1939,2033,2033,1972,1972,2001,2001,1756,1756
1963,1963,1845,1845,1888,1888,2024,2024,1840,1840,1929,1929,1852,1852,2059,2059,2010,2010
1825,1825,1952,1952,1865,1865,1964,1964,1933,1933,1913,1913,1999,1999,1854,1854,2003,2003
1954,1954,1951,1951,1915,1915,1984,1984,1726,1726,1967,1967,1846,1846,1819,1819,1724,1724
1820,1820,1826,1826,1927,1927,2037,2037,1873,1873,1960,1960,1761,1761,1944,1944,1867,1867
1910,1910,1854,1854,1823,1823,1935,1935,1805,1805,1933,1933,1691,1691,2034,2034,1837,1837
1921,1921,1833,1833,1784,1784,1693,1693,1914,1914,1727,1727,1914,1914,1910,1910,1965,1965
1964,1964,1659,1659,1736,1736,1887,1887,1955,1955,1973,1973,1862,1862,2038,2038,1912,1912
1932,1932,1958,1958,1873,1873,1972,1972,1953,1953,2131,2131,1972,1972,2016,2016,1901,1901
1546,1546,1979,1979,1889,1889,1816,1816,2012,2012,2052,2052,1996,1996,1828,1828,1945,1945
1875,1875,1957,1957,1898,1898,1839,1839,1926,1926,1853,1853,1962,1962,1945,1945,1884,1884
1858,1858,1994,1994,1913,1913,1725,1725,1888,1888,1879,1879,1844,1844,2011,2011,1785,1785
2301,2301,2280,2280,2324,2324,2198,2198,2200,2200,2175,2175,2296,2296,2114,2114,2275,2275
2636,2636,2595,2595,2617,2617,2583,2583,2608,2608,2626,2626,2593,2593,2627,2627,2623,2623
2459,2459,2344,2344,2441,2441,2321,2321,2406,2406,2364,2364,2351,2351,2403,2403,2351,2351
1871,1871,1793,1793,2017,2017,1876,1876,1889,1889,1953,1953,1977,1977,1988,1988,1864,1864
1979,1979,1912,1912,1867,1867,1934,1934,1977,1977,1901,1901,1903,1903,1982,1982,1888,1888
1811,1811,1844,1844,1852,1852,2048,2048,1846,1846,1918,1918,1943,1943,1991,1991,2046,2046
1916,1916,1716,1716,1884,1884,1884,1884,1915,1915,1911,1911,2011,2011,1848,1848,1988,1988
2019,2019,1844,1844,1782,1782,1883,1883,1845,1845,1953,1953,1902,1902,1809,1809,1884,1884
1945,1945,1976,1976,1861,1861,2013,2013,1903,1903,1865,1865,1716,1716,1926,1926,1808,1808
1955,1955,1784,1784,1759,1759,1933,1933,1780,1780,1834,1834,1827,1827,1924,1924,1731,1731
1869,1869,1810,1810,1743,1743,1981,1981,1901,1901,1908,1908,1904,1904,1914,1914,1909,1909
1865,1865,1938,1938,1774,1774,2074,2074,1893,1893,1962,1962,1940,1940,1972,1972,1967,1967
1936,1936,1906,1906,1690,1690,2034,2034,1923,1923,2010,2010,1917,1917,1957,1957,1872,1872
1824,1824,1993,1993,1888,1888,2006,2006,1988,1988,1950,1950,1869,1869,1825,1825,1980,1980
1651,1651,1826,1826,1850,1850,1968,1968,1998,1998,1812,1812,1753,1753,1820,1820,1785,1785
1926,1926,1937,1937,1911,1911,1933,1933,1960,1960,1818,1818,1941,1941,1801,1801,1833,1833
2423,2423,2375,2375,2400,2400,2363,2363,2378,2378,2418,2418,2333,2333,2401,2401,2363,2363
2783,2783,2781,2781,2808,2808,2800,2800,2788,2788,2813,2813,2795,2795,2775,2775,2810,2810
2627,2627,2545,2545,2599,2599,2587,2587,2589,2589,2531,2531,2576,2576,2565,2565,2575,2575
2000,2000,1929,1929,2011,2011,1945,1945,1836,1836,1858,1858,1972,1972,1866,1866,2006,2006
1927,1927,1993,1993,1719,1719,1857,1857,1925,1925,1734,1734,1844,1844,1883,1883,2049,2049
1919,1919,1718,1718,1907,1907,1788,1788,1910,1910,1974,1974,1967,1967,1867,1867,1959,1959
1862,1862,1768,1768,2036,2036,1885,1885,1917,1917,1829,1829,1966,1966,1833,1833,1979,1979
1968,1968,1855,1855,1998,1998,1851,1851,1862,1862,1925,1925,1966,1966,1878,1878,1993,1993
1992,1992,1867,1867,1744,1744,2020,2020,1845,1845,1944,1944,1768,1768,1870,1870,1839,1839
2071,2071,1895,1895,1758,1758,1960,1960,1936,1936,1885,1885,1656,1656,1875,1875,1770,1770
1982,1982,1752,1752,1905,1905,2022,2022,1912,1912,1956,1956,1889,1889,1983,1983,1956,1956
1928,1928,1850,1850,1929,1929,2045,2045,1924,1924,1894,1894,1878,1878,1926,1926,2014,2014
1923,1923,1755,1755,1812,1812,2091,2091,1789,1789,1799,1799,1940,1940,1928,1928,1816,1816
2007,2007,1870,1870,1983,1983,2047,2047,1889,1889,1810,1810,1909,1909,1846,1846,1819,1819
1811,1811,1873,1873,2027,2027,2026,2026,1980,1980,1894,1894,1905,1905,1782,1782,1835,1835
1997,1997,1915,1915,2041,2041,1930,1930,1896,1896,1958,1958,2015,2015,1941,1941,2097,2097
2581,2581,2540,2540,2599,2599,2567,2567,2558,2558,2638,2638,2559,2559,2550,2550,2592,2592
2890,2890,2853,2853,2878,2878,2860,2860,2892,2892,2829,2829,2847,2847,2881,2881,2841,2841
2667,2667,2580,2580,2646,2646,2651,2651,2671,2671,2597,2597,2640,2640,2606,2606,2609,2609
2084,2084,1974,1974,2031,2031,1973,1973,1980,1980,1956,1956,1990,1990,1898,1898,2023,2023
2026,2026,2023,2023,1869,1869,1854,1854,1948,1948,1959,1959,1725,1725,1920,1920,1893,1893
1925,1925,1997,1997,1965,1965,1804,1804,1925,1925,1976,1976,1875,1875,1805,1805,1939,1939
1824,1824,1933,1933,2060,2060,1962,1962,1875,1875,1891,1891,1887,1887,1825,1825,1931,1931
1862,1862,1917,1917,1906,1906,1903,1903,1926,1926,1773,1773,1946,1946,1879,1879,1953,1953
1967,1967,1942,1942,1846,1846,1926,1926,1901,1901,1880,1880,1839,1839,1947,1947,1839,1839
1996,1996,1949,1949,1795,1795,1833,1833,1912,1912,1850,1850,1672,1672,1972,1972,1924,1924
1991,1991,1810,1810,1903,1903,2030,2030,1975,1975,1951,1951,1862,1862,1971,1971,1933,1933
1867,1867,1737,1737,1883,1883,1932,1932,1996,1996,1733,1733,1783,1783,1946,1946,1910,1910
1871,1871,1674,1674,1886,1886,1943,1943,1670,1670,1786,1786,1916,1916,2032,2032,1869,1869
2034,2034,1637,1637,1956,1956,1973,1973,1783,1783,1899,1899,1768,1768,1903,1903,1829,1829
2032,2032,1986,1986,1874,1874,1996,1996,1910,1910,2008,2008,1929,1929,1838,1838,1835,1835
1949,1949,1960,1960,1941,1941,1918,1918,1690,1690,2067,2067,1938,1938,1838,1838,2106,2106
2658,2658,2655,2655,2676,2676,2624,2624,2673,2673,2630,2630,2634,2634,2685,2685,2626,2626
3162,3162,3137,3137,3151,3151,3154,3154,3164,3164,3159,3159,3159,3159,3154,3154,3154,3154
2951,2951,2911,2911,2915,2915,2941,2941,2942,2942,2947,2947,2952,2952,2916,2916,2944,2944
2073,2073,2004,2004,1814,1814,1997,1997,2117,2117,2041,2041,2016,2016,1957,1957,2057,2057
2042,2042,2046,2046,1779,1779,1935,1935,1970,1970,1864,1864,1988,1988,1800,1800,2019,2019
1940,1940,1922,1922,1969,1969,1943,1943,1788,1788,1943,1943,1869,1869,1926,1926,1854,1854
1936,1936,1956,1956,1904,1904,1996,1996,1932,1932,1803,1803,1922,1922,1846,1846,2034,2034
2009,2009,1943,1943,1845,1845,1912,1912,1917,1917,1844,1844,2027,2027,1933,1933,2022,2022
2014,2014,1852,1852,1912,1912,1938,1938,1918,1918,1980,1980,1943,1943,2042,2042,1894,1894
1993,1993,1861,1861,1748,1748,1923,1923,1922,1922,1963,1963,1765,1765,1931,1931,1937,1937
1924,1924,1983,1983,1866,1866,1922,1922,1940,1940,1946,1946,1788,1788,1939,1939,1906,1906
1931,1931,1974,1974,1918,1918,1913,1913,1924,1924,1926,1926,1867,1867,1938,1938,1815,1815
1867,1867,1890,1890,1777,1777,1915,1915,1908,1908,1980,1980,1905,1905,1954,1954,1795,1795
1883,1883,1898,1898,1764,1764,1917,1917,1823,1823,1898,1898,1766,1766,1944,1944,1922,1922
2053,2053,1999,1999,1897,1897,1818,1818,1865,1865,2042,2042,1999,1999,2006,2006,1942,1942
2053,2053,1981,1981,1949,1949,2044,2044,1955,1955,1989,1989,1993,1993,2020,2020,2104,2104
2933,2933,2917,2917,2944,2944,2931,2931,2959,2959,2950,2950,2937,2937,2943,2943,2936,2936
3324,3324,3316,3316,3310,3310,3319,3319,3318,3318,3318,3318,3318,3318,3308,3308,3319,3319
3113,3113,3091,3091,3096,3096,3106,3106,3103,3103,3107,3107,3110,3110,3095,3095,3110,3110
2120,2120,1900,1900,1950,1950,2079,2079,2027,2027,2105,2105,2024,2024,1999,1999,2032,2032
1946,1946,1968,1968,1870,1870,2027,2027,1851,1851,2057,2057,2038,2038,2016,2016,2030,2030
2072,2072,1695,1695,1887,1887,1981,1981,1878,1878,2015,2015,1956,1956,2009,2009,1945,1945
1976,1976,1795,1795,1983,1983,2004,2004,1878,1878,1876,1876,2043,2043,1922,1922,1991,1991
1955,1955,1924,1924,1929,1929,2038,2038,1900,1900,1924,1924,2052,2052,2005,2005,1870,1870
1857,1857,1724,1724,1887,1887,2057,2057,1877,1877,2043,2043,2030,2030,2098,2098,1809,1809
1853,1853,1939,1939,1878,1878,1967,1967,1986,1986,1972,1972,1960,1960,1965,1965,1842,1842
1753,1753,1938,1938,1831,1831,1811,1811,1946,1946,1909,1909,1878,1878,1922,1922,1871,1871
2011,2011,1987,1987,1893,1893,1974,1974,1961,1961,1967,1967,1909,1909,1872,1872,1885,1885
1928,1928,1981,1981,1808,1808,1965,1965,1986,1986,1962,1962,1960,1960,1982,1982,1835,1835
1915,1915,1942,1942,1850,1850,1830,1830,1934,1934,1897,1897,1813,1813,1979,1979,1972,1972
2011,2011,1888,1888,1874,1874,2051,2051,1989,1989,2082,2082,1977,1977,2099,2099,1872,1872
2211,2211,2148,2148,2054,2054,2032,2032,2130,2130,1995,1995,2108,2108,2085,2085,2099,2099
3098,3098,3085,3085,3084,3084,3086,3086,3106,3106,3095,3095,3101,3101,3091,3091,3084,3084
3199,3199,3194,3194,3191,3191,3200,3200,3197,3197,3199,3199,3198,3198,3190,3190,3193,3193
2977,2977,2954,2954,2967,2967,2977,2977,2979,2979,2969,2969,2976,2976,2972,2972,2981,2981
2004,2004,2009,2009,2113,2113,2034,2034,2041,2041,2007,2007,1909,1909,2024,2024,2103,2103
1965,1965,1967,1967,2066,2066,1888,1888,1907,1907,2057,2057,2086,2086,2028,2028,2057,2057
2015,2015,1784,1784,2017,2017,2017,2017,1819,1819,1945,1945,1893,1893,1903,1903,1856,1856
1793,1793,1832,1832,1990,1990,2049,2049,1854,1854,1781,1781,2006,2006,1947,1947,1877,1877
1733,1733,1905,1905,1775,1775,2045,2045,1961,1961,1749,1749,2004,2004,1988,1988,1949,1949
1911,1911,1879,1879,1785,1785,1994,1994,1820,1820,1851,1851,2034,2034,2072,2072,1843,1843
1846,1846,2022,2022,1849,1849,1960,1960,1977,1977,1905,1905,1991,1991,2044,2044,1914,1914
1765,1765,1966,1966,1949,1949,1906,1906,1923,1923,2000,2000,1983,1983,1860,1860,1847,1847
1984,1984,1954,1954,2007,2007,1997,1997,1888,1888,1822,1822,2009,2009,1846,1846,1832,1832
1955,1955,1911,1911,1753,1753,2007,2007,1945,1945,1758,1758,2000,2000,2016,2016,2019,2019
1911,1911,1844,1844,1904,1904,2048,2048,1809,1809,1784,1784,1907,1907,2016,2016,2031,2031
2005,2005,1916,1916,1929,1929,2136,2136,1949,1949,2018,2018,1979,1979,2051,2051,1923,1923
2169,2169,2088,2088,2006,2006,2023,2023,1987,1987,1875,1875,2036,2036,2069,2069,2001,2001
2976,2976,2967,2967,2966,2966,2973,2973,2972,2972,2968,2968,2977,2977,2965,2965,2957,2957
2886,2886,2892,2892,2889,2889,2876,2876,2885,2885,2876,2876,2882,2882,2852,2852,2882,2882
2653,2653,2682,2682,2706,2706,2641,2641,2663,2663,2661,2661,2646,2646,2642,2642,2675,2675
1901,1901,2079,2079,1994,1994,1956,1956,2020,2020,2037,2037,1852,1852,2036,2036,2072,2072
1954,1954,1873,1873,1931,1931,1893,1893,2051,2051,1962,1962,1855,1855,1984,1984,2035,2035
2001,2001,1773,1773,2069,2069,1933,1933,1915,1915,1899,1899,1733,1733,1872,1872,1815,1815
1863,1863,1938,1938,1990,1990,2045,2045,1894,1894,1899,1899,1755,1755,1747,1747,1908,1908
1941,1941,1941,1941,1904,1904,2070,2070,1985,1985,1827,1827,1696,1696,1924,1924,2007,2007
1892,1892,1761,1761,1776,1776,1996,1996,2014,2014,1781,1781,2023,2023,2013,2013,1949,1949
1985,1985,1833,1833,1927,1927,1944,1944,2011,2011,1826,1826,1971,1971,1936,1936,1842,1842
1948,1948,2016,2016,1841,1841,1947,1947,2044,2044,1966,1966,2024,2024,1908,1908,1633,1633
1802,1802,1954,1954,1884,1884,1818,1818,1992,1992,1933,1933,1954,1954,1855,1855,1894,1894
1971,1971,1877,1877,1877,1877,1932,1932,1980,1980,2013,2013,2006,2006,1960,1960,2047,2047
2015,2015,1912,1912,1905,1905,2064,2064,1922,1922,1850,1850,1859,1859,1962,1962,2100,2100
2024,2024,1924,1924,2040,2040,2077,2077,1984,1984,1902,1902,1861,1861,1984,1984,2028,2028
1951,1951,2069,2069,1899,1899,1982,1982,2011,2011,1904,1904,1919,1919,1727,1727,1864,1864
2650,2650,2665,2665,2657,2657,2657,2657,2667,2667,2636,2636,2672,2672,2618,2618,2652,2652
3115,3115,3138,3138,3130,3130,3119,3119,3133,3133,3130,3130,3140,3140,3133,3133,3131,3131
2895,2895,2926,2926,2941,2941,2906,2906,2896,2896,2907,2907,2920,2920,2919,2919,2923,2923
2010,2010,1906,1906,2044,2044,1769,1769,2011,2011,1996,1996,1890,1890,1902,1902,2040,2040
1966,1966,1903,1903,1867,1867,2037,2037,1998,1998,2027,2027,1911,1911,1968,1968,1963,1963
1946,1946,1756,1756,1999,1999,1941,1941,1947,1947,1948,1948,1909,1909,1927,1927,1790,1790
1848,1848,1744,1744,2013,2013,2017,2017,1986,1986,1920,1920,1872,1872,1804,1804,2087,2087
1974,1974,1717,1717,1822,1822,2023,2023,2004,2004,1969,1969,1818,1818,1813,1813,2045,2045
1872,1872,1872,1872,1810,1810,1830,1830,2011,2011,1780,1780,2035,2035,1941,1941,1937,1937
1967,1967,1927,1927,1869,1869,1880,1880,1983,1983,1866,1866,1966,1966,1871,1871,1929,1929
2018,2018,1880,1880,1791,1791,1699,1699,2029,2029,2006,2006,1935,1935,1808,1808,1792,1792
1922,1922,1973,1973,1837,1837,1913,1913,1972,1972,1952,1952,1948,1948,1742,1742,1909,1909
1917,1917,1804,1804,1962,1962,2025,2025,1959,1959,2077,2077,1942,1942,2009,2009,1900,1900
2053,2053,1998,1998,1906,1906,1894,1894,1867,1867,1946,1946,1753,1753,1958,1958,1995,1995
1947,1947,2042,2042,1984,1984,1808,1808,1992,1992,1969,1969,1840,1840,1778,1778,1928,1928
1999,1999,2004,2004,2036,2036,2007,2007,2030,2030,1951,1951,2058,2058,1946,1946,1990,1990
2890,2890,2936,2936,2904,2904,2902,2902,2932,2932,2920,2920,2934,2934,2901,2901,2903,2903
3212,3212,3227,3227,3228,3228,3221,3221,3225,3225,3223,3223,3233,3233,3228,3228,3223,3223
2975,2975,3005,3005,3003,3003,3007,3007,2995,2995,3001,3001,3006,3006,3008,3008,3004,3004
2073,2073,1875,1875,2043,2043,1978,1978,1925,1925,2045,2045,1965,1965,2066,2066,2076,2076
2063,2063,1957,1957,1877,1877,2084,2084,1836,1836,1846,1846,1990,1990,1984,1984,1888,1888
1933,1933,1844,1844,1893,1893,2101,2101,1873,1873,1984,1984,2066,2066,2001,2001,1925,1925
1959,1959,1754,1754,1891,1891,2057,2057,1864,1864,1959,1959,1869,1869,1773,1773,1963,1963
1962,1962,1702,1702,1652,1652,2081,2081,2035,2035,1926,1926,1818,1818,1868,1868,1898,1898
1969,1969,1832,1832,1879,1879,1831,1831,1995,1995,1786,1786,1981,1981,1779,1779,1836,1836
1961,1961,1747,1747,1935,1935,1873,1873,1966,1966,1955,1955,1951,1951,1897,1897,2022,2022
1981,1981,1824,1824,1759,1759,1756,1756,1843,1843,2029,2029,1872,1872,1819,1819,1952,1952
1917,1917,2019,2019,1986,1986,1811,1811,1924,1924,1920,1920,1871,1871,1995,1995,1794,1794
1837,1837,2042,2042,2019,2019,1888,1888,1906,1906,1955,1955,1938,1938,1998,1998,1790,1790
1905,1905,2002,2002,1914,1914,1852,1852,1921,1921,1851,1851,1692,1692,1862,1862,1958,1958
1935,1935,1903,1903,1882,1882,1791,1791,1943,1943,1945,1945,1837,1837,1901,1901,1825,1825
2104,2104,1992,1992,2006,2006,1984,1984,2052,2052,1939,1939,2001,2001,1984,1984,2018,2018
2995,2995,3011,3011,3013,3013,3005,3005,3011,3011,3005,3005,3023,3023,3000,3000,2993,2993
3234,3234,3233,3233,3236,3236,3234,3234,3232,3232,3235,3235,3231,3231,3241,3241,3239,3239
3006,3006,3007,3007,3005,3005,3011,3011,3011,3011,3004,3004,3005,3005,3017,3017,3019,3019
2009,2009,1922,1922,1973,1973,1977,1977,2001,2001,1848,1848,2001,2001,2070,2070,2082,2082
1943,1943,1856,1856,1916,1916,1991,1991,1782,1782,1800,1800,2088,2088,2066,2066,1988,1988
1875,1875,1839,1839,1988,1988,2008,2008,1655,1655,1870,1870,2110,2110,1965,1965,1941,1941
2033,2033,1792,1792,1789,1789,1926,1926,1922,1922,1882,1882,1944,1944,1923,1923,1813,1813
1958,1958,1904,1904,1815,1815,2032,2032,1892,1892,1796,1796,1993,1993,1960,1960,1849,1849
1993,1993,1942,1942,1863,1863,1918,1918,1857,1857,1798,1798,1984,1984,2034,2034,1835,1835
1998,1998,1853,1853,1885,1885,1788,1788,1843,1843,1956,1956,1792,1792,1830,1830,1879,1879
1951,1951,1861,1861,1641,1641,1682,1682,1896,1896,1967,1967,1895,1895,1827,1827,1879,1879
1916,1916,2038,2038,1890,1890,1910,1910,1949,1949,1760,1760,1977,1977,1713,1713,1996,1996
1683,1683,2083,2083,1963,1963,1739,1739,1937,1937,1825,1825,1935,1935,1873,1873,1979,1979
1814,1814,2026,2026,1921,1921,1854,1854,1928,1928,1743,1743,1854,1854,1855,1855,1934,1934
1848,1848,1904,1904,1906,1906,1883,1883,1894,1894,1937,1937,1925,1925,1884,1884,1905,1905
2052,2052,1901,1901,2010,2010,2005,2005,1855,1855,1953,1953,1890,1890,2046,2046,2007,2007
3016,3016,3009,3009,3024,3024,3013,3013,3004,3004,3015,3015,3016,3016,3023,3023,3016,3016
3041,3041,3024,3024,3014,3014,3037,3037,3018,3018,3015,3015,3022,3022,3035,3035,3043,3043
2828,2828,2795,2795,2789,2789,2818,2818,2792,2792,2790,2790,2796,2796,2825,2825,2810,2810
1969,1969,2041,2041,1930,1930,1893,1893,1887,1887,1823,1823,2024,2024,1955,1955,1872,1872
1982,1982,1761,1761,1914,1914,1960,1960,1928,1928,1943,1943,2082,2082,2025,2025,1869,1869
1846,1846,1981,1981,1914,1914,1892,1892,1871,1871,1940,1940,2118,2118,1957,1957,1997,1997
2032,2032,1836,1836,1843,1843,1822,1822,1951,1951,1922,1922,1960,1960,2024,2024,1949,1949
2055,2055,1890,1890,1903,1903,1858,1858,1924,1924,1919,1919,1967,1967,1965,1965,1857,1857
1927,1927,2021,2021,1938,1938,1724,1724,1879,1879,1827,1827,1881,1881,1957,1957,1791,1791
1936,1936,2024,2024,1780,1780,1963,1963,1780,1780,1935,1935,1784,1784,1859,1859,1781,1781
1880,1880,1966,1966,1886,1886,2023,2023,1820,1820,1830,1830,1941,1941,1799,1799,1955,1955
1841,1841,2062,2062,1873,1873,1945,1945,1714,1714,1773,1773,1991,1991,1850,1850,2000,2000
1793,1793,1984,1984,1865,1865,1801,1801,1911,1911,1912,1912,1863,1863,1922,1922,1963,1963
1851,1851,1888,1888,1848,1848,1869,1869,2058,2058,1856,1856,1822,1822,1758,1758,1866,1866
1848,1848,1920,1920,1782,1782,1943,1943,1934,1934,2029,2029,1952,1952,1948,1948,1996,1996
1948,1948,1870,1870,1946,1946,2060,2060,1973,1973,1867,1867,1815,1815,1868,1868,1899,1899
2839,2839,2796,2796,2779,2779,2819,2819,2803,2803,2749,2749,2797,2797,2817,2817,2813,2813
2842,2842,2867,2867,2837,2837,2841,2841,2881,2881,2866,2866,2849,2849,2848,2848,2845,2845
2629,2629,2641,2641,2601,2601,2620,2620,2641,2641,2673,2673,2606,2606,2635,2635,2612,2612
1991,1991,2037,2037,1896,1896,1876,1876,1935,1935,1894,1894,1923,1923,1891,1891,1944,1944
1907,1907,1918,1918,1873,1873,1919,1919,1979,1979,1982,1982,2017,2017,1998,1998,1998,1998
1845,1845,1848,1848,1853,1853,1917,1917,2003,2003,1938,1938,2055,2055,2012,2012,2001,2001
2028,2028,1837,1837,1899,1899,1835,1835,1877,1877,1866,1866,1864,1864,1927,1927,1862,1862
2017,2017,1994,1994,2041,2041,1960,1960,1837,1837,1739,1739,1851,1851,1686,1686,1951,1951
1906,1906,2036,2036,1968,1968,1827,1827,1928,1928,1810,1810,1895,1895,1782,1782,1868,1868
1848,1848,1984,1984,1803,1803,1969,1969,1929,1929,1926,1926,1965,1965,1799,1799,1695,1695
1988,1988,2054,2054,1883,1883,1998,1998,1964,1964,2035,2035,1765,1765,1842,1842,1908,1908
1918,1918,2006,2006,1870,1870,1891,1891,1811,1811,1914,1914,1987,1987,1985,1985,2003,2003
1739,1739,1854,1854,1926,1926,1889,1889,1960,1960,1997,1997,1845,1845,1885,1885,1705,1705
1837,1837,1894,1894,1842,1842,1901,1901,1984,1984,2008,2008,1906,1906,1758,1758,1841,1841
1940,1940,1952,1952,1751,1751,1946,1946,1964,1964,1877,1877,1921,1921,1961,1961,1785,1785
1940,1940,1980,1980,1975,1975,2034,2034,1940,1940,1969,1969,2008,2008,1977,1977,1966,1966
2626,2626,2655,2655,2605,2605,2634,2634,2679,2679,2649,2649,2654,2654,2642,2642,2641,2641
2771,2771,2782,2782,2798,2798,2799,2799,2765,2765,2794,2794,2786,2786,2829,2829,2820,2820
2527,2527,2569,2569,2560,2560,2591,2591,2561,2561,2584,2584,2579,2579,2629,2629,2592,2592
2035,2035,2031,2031,1888,1888,1802,1802,1945,1945,1923,1923,1987,1987,1936,1936,1999,1999
1806,1806,2046,2046,1728,1728,1937,1937,1847,1847,1850,1850,1908,1908,2026,2026,2004,2004
1820,1820,2021,2021,1782,1782,1787,1787,1958,1958,1906,1906,1943,1943,1950,1950,1824,1824
1979,1979,1948,1948,1977,1977,1816,1816,1915,1915,1927,1927,1963,1963,2006,2006,2053,2053
1994,1994,1883,1883,1939,1939,1937,1937,1812,1812,1952,1952,1845,1845,1809,1809,2066,2066
1642,1642,1969,1969,1967,1967,1914,1914,1853,1853,1952,1952,1859,1859,1744,1744,2014,2014
1956,1956,2027,2027,1857,1857,1856,1856,1849,1849,2047,2047,1964,1964,1886,1886,1956,1956
2160,2160,2037,2037,1937,1937,1899,1899,1913,1913,1954,1954,1889,1889,1910,1910,2003,2003
2039,2039,2009,2009,1893,1893,1707,1707,1897,1897,1810,1810,1907,1907,2023,2023,1897,1897
1905,1905,1941,1941,1851,1851,1833,1833,1941,1941,1799,1799,1873,1873,1956,1956,1750,1750
2015,2015,1890,1890,1838,1838,1696,1696,1968,1968,1993,1993,1858,1858,1796,1796,1950,1950
2032,2032,1879,1879,1758,1758,1825,1825,1920,1920,2049,2049,1930,1930,1897,1897,1936,1936
1985,1985,2027,2027,2053,2053,1918,1918,1916,1916,2024,2024,1986,1986,1913,1913,1962,1962
2551,2551,2544,2544,2601,2601,2547,2547,2509,2509,2541,2541,2602,2602,2607,2607,2610,2610
2794,2794,2782,2782,2756,2756,2788,2788,2642,2642,2717,2717,2670,2670,2686,2686,2641,2641
2588,2588,2575,2575,2530,2530,2597,2597,2362,2362,2513,2513,2478,2478,2533,2533,2434,2434
2061,2061,2012,2012,1976,1976,1996,1996,1907,1907,1820,1820,1930,1930,2007,2007,1914,1914
1716,1716,1974,1974,1806,1806,1962,1962,1778,1778,1897,1897,1942,1942,2007,2007,2008,2008
1878,1878,1909,1909,1977,1977,1862,1862,1938,1938,2020,2020,1997,1997,1982,1982,1809,1809
1991,1991,1696,1696,2038,2038,1745,1745,1891,1891,1947,1947,2011,2011,2038,2038,1992,1992
2025,2025,1895,1895,1814,1814,1835,1835,1639,1639,1965,1965,1905,1905,1844,1844,2004,2004
1960,1960,1865,1865,1853,1853,1886,1886,1768,1768,1864,1864,1910,1910,1837,1837,2009,2009
2013,2013,1999,1999,1926,1926,1752,1752,1801,1801,1991,1991,1794,1794,1776,1776,1965,1965
2144,2144,2018,2018,2058,2058,1946,1946,1798,1798,1914,1914,1848,1848,1832,1832,1972,1972
2050,2050,1883,1883,1936,1936,1800,1800,1893,1893,1736,1736,1797,1797,1786,1786,1855,1855
2005,2005,1848,1848,1775,1775,1958,1958,1961,1961,1727,1727,1861,1861,1919,1919,1675,1675
1985,1985,1891,1891,1993,1993,1990,1990,1807,1807,1907,1907,1943,1943,1921,1921,1966,1966
2009,2009,1940,1940,1948,1948,1892,1892,1932,1932,1941,1941,1963,1963,1841,1841,1949,1949
2050,2050,1997,1997,1936,1936,1947,1947,1876,1876,1940,1940,2030,2030,1779,1779,1892,1892
2571,2571,2553,2553,2530,2530,2547,2547,2476,2476,2519,2519,2369,2369,2393,2393,2448,2448
2896,2896,2807,2807,2834,2834,2788,2788,2719,2719,2805,2805,2731,2731,2802,2802,2709,2709
2607,2607,2561,2561,2652,2652,2664,2664,2474,2474,2630,2630,2374,2374,2685,2685,2453,2453
2166,2166,2156,2156,2301,2301,1947,1947,2057,2057,2049,2049,2151,2151,2068,2068,1840,1840
1820,1820,1949,1949,2024,2024,1985,1985,1921,1921,1706,1706,2006,2006,2062,2062,1986,1986
1859,1859,1750,1750,1965,1965,1895,1895,1922,1922,1920,1920,1877,1877,2072,2072,1877,1877
1939,1939,1710,1710,1982,1982,1805,1805,1799,1799,1838,1838,1898,1898,1982,1982,1851,1851
1944,1944,1882,1882,1617,1617,1603,1603,1846,1846,1884,1884,1915,1915,1825,1825,1881,1881
1955,1955,1917,1917,1800,1800,1753,1753,1697,1697,1817,1817,1890,1890,1825,1825,1781,1781
1988,1988,2079,2079,1956,1956,1840,1840,1843,1843,1917,1917,1873,1873,1862,1862,1807,1807
2015,2015,2105,2105,1957,1957,1822,1822,1838,1838,1910,1910,1878,1878,1906,1906,1845,1845
1995,1995,1998,1998,1880,1880,1844,1844,1770,1770,1880,1880,1889,1889,1805,1805,1807,1807
1971,1971,1873,1873,1958,1958,1964,1964,1952,1952,1802,1802,1779,1779,1944,1944,1888,1888
2011,2011,1878,1878,1903,1903,2075,2075,1712,1712,1775,1775,1843,1843,1959,1959,1921,1921
1908,1908,1684,1684,1948,1948,1877,1877,2019,2019,1998,1998,1875,1875,1816,1816,2047,2047
1935,1935,2109,2109,1954,1954,1920,1920,1899,1899,1957,1957,2167,2167,2238,2238,2104,2104
2698,2698,2599,2599,2666,2666,2484,2484,2550,2550,2611,2611,2550,2550,2510,2510,2567,2567
2781,2781,2854,2854,2888,2888,2895,2895,2814,2814,2641,2641,2857,2857,2846,2846,2823,2823
2502,2502,2688,2688,2677,2677,2755,2755,2602,2602,2537,2537,2639,2639,2645,2645,2546,2546
2215,2215,2171,2171,2385,2385,2061,2061,2185,2185,2043,2043,2233,2233,2058,2058,1894,1894
1944,1944,1946,1946,2058,2058,1985,1985,1889,1889,1859,1859,2003,2003,1983,1983,1906,1906
1861,1861,1861,1861,1978,1978,1877,1877,1784,1784,1865,1865,1831,1831,1914,1914,1939,1939
1871,1871,1874,1874,1861,1861,1955,1955,1823,1823,1864,1864,1851,1851,1870,1870,1917,1917
1960,1960,1753,1753,1681,1681,1829,1829,1876,1876,1957,1957,1930,1930,1933,1933,1909,1909
2071,2071,1904,1904,1672,1672,1956,1956,1748,1748,1978,1978,1859,1859,1933,1933,1896,1896
2007,2007,2077,2077,1937,1937,1948,1948,1946,1946,1996,1996,1790,1790,1804,1804,1824,1824
1798,1798,2024,2024,1974,1974,1841,1841,2043,2043,1951,1951,1979,1979,1981,1981,1867,1867
1913,1913,2000,2000,1905,1905,1851,1851,1876,1876,1984,1984,1806,1806,1965,1965,1829,1829
1784,1784,2017,2017,1830,1830,1911,1911,2033,2033,2011,2011,1808,1808,1869,1869,1912,1912
1973,1973,1914,1914,1873,1873,1830,1830,2043,2043,1886,1886,1827,1827,1933,1933,1928,1928
1987,1987,1921,1921,1988,1988,1857,1857,1890,1890,1933,1933,1952,1952,1935,1935,2036,2036
1866,1866,2170,2170,2013,2013,2091,2091,2060,2060,2175,2175,2158,2158,2343,2343,2101,2101
2610,2610,2568,2568,2710,2710,2499,2499,2639,2639,2376,2376,2692,2692,2537,2537,2666,2666
2902,2902,2909,2909,2890,2890,2919,2919,2902,2902,2889,2889,2893,2893,2910,2910,2906,2906
2716,2716,2684,2684,2698,2698,2714,2714,2658,2658,2637,2637,2636,2636,2697,2697,2667,2667
2127,2127,1843,1843,2191,2191,2054,2054,1922,1922,2047,2047,1945,1945,1962,1962,1858,1858
1967,1967,1809,1809,2010,2010,1877,1877,1861,1861,1926,1926,1888,1888,1923,1923,1924,1924
1949,1949,1969,1969,1837,1837,1712,1712,1795,1795,1813,1813,1822,1822,1935,1935,1897,1897
1878,1878,1844,1844,1689,1689,1730,1730,1813,1813,1822,1822,1910,1910,1982,1982,1894,1894
1733,1733,1825,1825,1916,1916,1951,1951,1936,1936,1914,1914,1939,1939,1928,1928,1892,1892
2024,2024,1830,1830,1861,1861,2014,2014,1926,1926,1819,1819,1924,1924,1879,1879,1931,1931
1957,1957,1744,1744,1956,1956,1755,1755,2035,2035,1888,1888,1823,1823,1885,1885,2032,2032
1874,1874,1868,1868,1993,1993,1822,1822,2024,2024,1942,1942,1941,1941,1975,1975,1992,1992
1935,1935,1888,1888,1755,1755,1899,1899,1909,1909,2081,2081,1817,1817,2040,2040,1953,1953
1944,1944,1938,1938,1817,1817,1997,1997,1922,1922,2008,2008,1867,1867,2037,2037,1931,1931
1940,1940,1714,1714,1888,1888,1893,1893,1964,1964,1976,1976,1982,1982,1892,1892,1931,1931
1789,1789,1946,1946,1942,1942,1782,1782,1893,1893,1847,1847,2016,2016,2061,2061,1748,1748
1941,1941,2098,2098,1898,1898,1914,1914,2015,2015,2102,2102,1997,1997,2109,2109,1998,1998
2584,2584,2692,2692,2644,2644,2679,2679,2695,2695,2674,2674,2654,2654,2686,2686,2688,2688
2838,2838,2802,2802,2790,2790,2806,2806,2724,2724,2723,2723,2739,2739,2809,2809,2778,2778
2642,2642,2537,2537,2579,2579,2585,2585,2545,2545,2528,2528,2446,2446,2565,2565,2536,2536
1990,1990,1791,1791,1884,1884,1827,1827,1858,1858,2022,2022,1935,1935,1933,1933,1919,1919
1755,1755,1875,1875,1933,1933,1957,1957,1908,1908,1869,1869,1824,1824,2013,2013,1972,1972
1900,1900,2004,2004,1884,1884,1942,1942,1722,1722,1893,1893,1847,1847,1919,1919,1886,1886
2017,2017,1947,1947,1868,1868,1870,1870,1885,1885,1820,1820,1942,1942,1966,1966,1855,1855
1881,1881,1884,1884,1972,1972,1879,1879,1929,1929,1757,1757,1897,1897,1848,1848,1823,1823
1813,1813,1839,1839,1954,1954,1848,1848,1754,1754,1857,1857,1939,1939,1867,1867,1900,1900
1996,1996,1830,1830,2017,2017,1655,1655,1963,1963,1815,1815,1908,1908,1947,1947,1890,1890
1825,1825,1842,1842,1872,1872,1829,1829,2031,2031,1831,1831,1965,1965,1936,1936,1848,1848
1940,1940,1999,1999,1717,1717,1881,1881,1912,1912,1923,1923,1832,1832,1762,1762,2040,2040
1962,1962,1906,1906,1838,1838,1917,1917,1812,1812,1965,1965,1964,1964,1893,1893,2037,2037
1871,1871,1736,1736,1812,1812,1774,1774,1926,1926,1862,1862,2028,2028,1990,1990,1792,1792
1885,1885,1919,1919,1876,1876,1836,1836,1938,1938,1869,1869,1864,1864,1986,1986,1917,1917
1769,1769,2066,2066,1937,1937,1952,1952,1962,1962,2016,2016,1790,1790,1890,1890,1946,1946
2566,2566,2602,2602,2544,2544,2592,2592,2582,2582,2555,2555,2492,2492,2573,2573,2572,2572
2824,2824,2798,2798,2843,2843,2808,2808,2821,2821,2783,2783,2811,2811,2679,2679,2757,2757
2606,2606,2542,2542,2630,2630,2577,2577,2612,2612,2588,2588,2594,2594,2486,2486,2500,2500
2067,2067,1970,1970,1968,1968,1986,1986,1957,1957,2053,2053,2020,2020,1895,1895,1855,1855
1960,1960,1920,1920,1957,1957,2014,2014,1939,1939,1883,1883,1878,1878,2019,2019,1977,1977
1848,1848,1996,1996,1916,1916,1914,1914,1729,1729,1946,1946,1975,1975,1987,1987,1850,1850
1997,1997,2106,2106,1949,1949,1854,1854,1781,1781,1982,1982,2007,2007,1891,1891,1854,1854
1923,1923,1941,1941,1925,1925,1890,1890,1922,1922,1992,1992,1913,1913,1885,1885,1826,1826
1879,1879,1868,1868,1862,1862,1771,1771,1923,1923,1917,1917,1798,1798,1938,1938,1702,1702
1851,1851,1712,1712,2055,2055,1927,1927,1856,1856,1928,1928,1894,1894,1987,1987,1762,1762
1904,1904,1883,1883,1896,1896,1896,1896,1938,1938,1748,1748,1982,1982,1928,1928,1835,1835
1936,1936,1892,1892,1838,1838,1687,1687,1851,1851,1987,1987,1961,1961,1976,1976,2084,2084
1832,1832,1966,1966,2034,2034,1795,1795,2002,2002,2071,2071,1878,1878,2001,2001,2063,2063
1831,1831,1872,1872,1915,1915,1854,1854,1924,1924,1972,1972,2044,2044,2043,2043,1858,1858
1868,1868,1932,1932,1845,1845,1830,1830,2006,2006,1919,1919,1991,1991,1962,1962,1916,1916
1763,1763,1938,1938,1881,1881,1985,1985,1833,1833,1911,1911,1984,1984,2066,2066,2106,2106
2593,2593,2581,2581,2610,2610,2605,2605,2585,2585,2540,2540,2614,2614,2428,2428,2567,2567
2952,2952,2908,2908,2924,2924,3003,3003,2935,2935,2893,2893,2834,2834,2939,2939,3024,3024
2703,2703,2696,2696,2705,2705,2791,2791,2712,2712,2728,2728,2639,2639,2707,2707,2798,2798
2012,2012,2063,2063,1857,1857,2072,2072,1975,1975,2107,2107,1985,1985,2046,2046,2004,2004
1981,1981,1969,1969,1973,1973,2016,2016,2013,2013,1839,1839,1776,1776,1896,1896,1780,1780
1899,1899,1944,1944,1910,1910,1931,1931,1819,1819,1856,1856,1984,1984,1943,1943,1852,1852
1929,1929,2085,2085,2004,2004,1883,1883,1823,1823,1976,1976,2004,2004,1893,1893,1937,1937
1930,1930,2007,2007,2030,2030,1907,1907,1939,1939,1936,1936,1904,1904,1953,1953,1924,1924
2007,2007,1865,1865,2003,2003,1906,1906,1993,1993,1937,1937,1743,1743,1878,1878,1822,1822
1845,1845,1670,1670,1827,1827,2018,2018,1862,1862,1751,1751,1952,1952,2011,2011,1896,1896
1911,1911,1850,1850,1850,1850,1993,1993,1909,1909,1602,1602,2037,2037,1919,1919,1999,1999
2015,2015,1765,1765,1937,1937,1716,1716,1863,1863,1984,1984,1971,1971,1945,1945,2084,2084
2007,2007,1849,1849,1960,1960,1778,1778,1973,1973,1981,1981,1956,1956,1928,1928,1985,1985
1900,1900,1735,1735,1914,1914,2037,2037,2045,2045,1964,1964,1999,1999,1907,1907,1969,1969
1873,1873,1904,1904,1852,1852,1890,1890,2004,2004,1933,1933,1927,1927,1952,1952,1966,1966
2047,2047,2029,2029,1785,1785,1866,1866,1779,1779,1921,1921,2000,2000,2080,2080,2037,2037
2765,2765,2679,2679,2727,2727,2763,2763,2722,2722,2675,2675,2613,2613,2698,2698,2810,2810
3092,3092,3065,3065,2967,2967,3149,3149,3117,3117,3071,3071,3088,3088,3108,3108,3093,3093
2856,2856,2863,2863,2761,2761,2944,2944,2872,2872,2861,2861,2864,2864,2887,2887,2855,2855
1900,1900,2061,2061,1905,1905,2094,2094,2079,2079,2080,2080,2021,2021,2038,2038,2072,2072
1928,1928,2041,2041,1953,1953,2107,2107,1957,1957,1978,1978,1798,1798,1853,1853,1911,1911
1958,1958,1988,1988,1663,1663,1966,1966,1862,1862,1918,1918,1878,1878,1874,1874,1830,1830
1973,1973,1980,1980,1996,1996,1841,1841,1859,1859,1959,1959,1985,1985,1910,1910,1875,1875
2017,2017,1985,1985,2064,2064,1844,1844,1949,1949,1955,1955,1953,1953,1966,1966,1907,1907
2048,2048,1933,1933,1999,1999,1946,1946,2052,2052,1957,1957,1980,1980,1893,1893,1888,1888
2002,2002,1914,1914,1933,1933,2014,2014,1905,1905,1688,1688,2006,2006,1962,1962,1898,1898
1930,1930,1847,1847,1996,1996,2061,2061,1935,1935,1841,1841,2001,2001,2029,2029,2012,2012
1942,1942,1839,1839,1995,1995,1924,1924,1911,1911,2048,2048,2020,2020,1988,1988,1979,1979
1923,1923,1883,1883,2017,2017,1977,1977,1929,1929,2065,2065,1952,1952,2040,2040,1825,1825
1943,1943,1918,1918,1849,1849,2041,2041,2042,2042,1876,1876,1961,1961,1864,1864,2000,2000
1852,1852,1942,1942,1859,1859,1916,1916,1972,1972,1966,1966,1871,1871,1955,1955,1977,1977
2123,2123,2121,2121,2008,2008,1895,1895,2069,2069,1970,1970,2092,2092,2055,2055,2063,2063
2879,2879,2860,2860,2744,2744,2888,2888,2903,2903,2845,2845,2874,2874,2875,2875,2892,2892
2805,2805,2989,2989,2592,2592,2894,2894,2945,2945,2818,2818,2858,2858,2851,2851,2814,2814
2556,2556,2757,2757,2468,2468,2656,2656,2712,2712,2574,2574,2647,2647,2643,2643,2610,2610
1781,1781,1968,1968,1914,1914,2057,2057,1939,1939,1974,1974,1924,1924,2058,2058,1993,1993
1895,1895,1886,1886,1938,1938,1947,1947,1882,1882,1962,1962,1893,1893,2009,2009,1955,1955
1966,1966,1962,1962,1876,1876,1876,1876,1785,1785,1876,1876,1839,1839,2011,2011,1771,1771
1914,1914,1940,1940,1963,1963,1855,1855,1705,1705,1968,1968,1782,1782,1932,1932,1912,1912
1980,1980,1979,1979,1937,1937,1785,1785,1983,1983,1845,1845,1824,1824,2031,2031,1896,1896
1957,1957,1971,1971,1904,1904,1794,1794,1967,1967,1911,1911,1984,1984,1894,1894,1767,1767
1904,1904,1968,1968,1866,1866,1955,1955,1784,1784,1903,1903,1947,1947,2003,2003,1862,1862
1771,1771,2001,2001,1849,1849,1963,1963,1835,1835,1983,1983,1794,1794,1922,1922,1979,1979
1781,1781,2015,2015,1913,1913,1972,1972,1854,1854,1961,1961,1783,1783,1933,1933,1987,1987
1897,1897,1961,1961,2049,2049,1953,1953,1807,1807,2001,2001,1901,1901,2046,2046,1889,1889
1880,1880,1924,1924,1888,1888,1600,1600,1923,1923,1868,1868,1914,1914,1938,1938,2050,2050
1919,1919,1952,1952,1913,1913,1963,1963,1929,1929,1973,1973,2004,2004,1811,1811,1998,1998
2014,2014,1959,1959,1916,1916,2105,2105,1975,1975,2041,2041,2051,2051,1896,1896,2002,2002
2625,2625,2804,2804,2242,2242,2662,2662,2718,2718,2606,2606,2628,2628,2625,2625,2613,2613
2547,2547,2777,2777,2434,2434,2637,2637,2637,2637,2585,2585,2677,2677,2613,2613,2548,2548
2327,2327,2601,2601,2272,2272,2424,2424,2410,2410,2456,2456,2444,2444,2403,2403,2338,2338
1817,1817,2015,2015,1837,1837,2011,2011,1938,1938,1880,1880,1933,1933,1889,1889,2029,2029
1962,1962,1819,1819,1967,1967,1927,1927,1868,1868,1939,1939,1972,1972,1891,1891,1904,1904
1981,1981,1832,1832,1818,1818,1913,1913,1809,1809,1954,1954,1921,1921,1959,1959,1868,1868
1799,1799,1925,1925,1906,1906,1952,1952,1862,1862,1955,1955,1761,1761,1964,1964,1979,1979
1849,1849,1967,1967,1982,1982,1835,1835,1959,1959,1981,1981,1976,1976,1849,1849,1900,1900
1934,1934,1769,1769,1856,1856,1754,1754,1988,1988,1978,1978,2001,2001,1908,1908,1862,1862
1835,1835,1966,1966,1827,1827,1966,1966,1951,1951,1944,1944,1974,1974,1913,1913,2031,2031
1867,1867,1886,1886,1841,1841,1993,1993,1900,1900,1938,1938,1997,1997,1843,1843,2039,2039
1715,1715,1964,1964,1852,1852,2013,2013,1951,1951,1844,1844,1931,1931,1936,1936,1960,1960
1944,1944,1884,1884,1930,1930,1898,1898,1918,1918,1964,1964,1846,1846,2068,2068,2050,2050
1917,1917,1960,1960,1917,1917,1743,1743,1898,1898,1910,1910,1926,1926,2010,2010,1938,1938
1974,1974,2014,2014,1925,1925,1863,1863,1887,1887,1938,1938,1903,1903,1928,1928,1937,1937
1987,1987,1882,1882,1788,1788,2161,2161,1850,1850,1921,1921,2053,2053,1817,1817,1679,1679
2393,2393,2505,2505,2344,2344,2474,2474,2452,2452,2380,2380,2502,2502,2373,2373,2311,2311
2566,2566,2755,2755,2676,2676,2475,2475,2776,2776,2638,2638,2753,2753,2814,2814,2821,2821
2368,2368,2576,2576,2480,2480,2390,2390,2563,2563,2373,2373,2534,2534,2512,2512,2634,2634
1959,1959,2212,2212,1898,1898,2053,2053,2094,2094,1986,1986,2098,2098,1959,1959,2277,2277
1891,1891,1857,1857,1923,1923,1935,1935,1893,1893,1946,1946,2012,2012,1843,1843,1944,1944
1892,1892,1771,1771,1960,1960,1919,1919,1870,1870,1964,1964,2023,2023,2002,2002,1941,1941
1974,1974,1934,1934,1868,1868,1964,1964,1878,1878,2031,2031,1837,1837,2055,2055,1922,1922
1928,1928,2011,2011,1744,1744,1970,1970,2019,2019,1970,1970,1852,1852,1921,1921,1834,1834
1995,1995,2011,2011,1645,1645,1826,1826,2005,2005,1900,1900,1858,1858,1923,1923,1930,1930
1926,1926,1992,1992,1705,1705,1927,1927,2034,2034,1940,1940,1900,1900,1954,1954,1892,1892
1980,1980,1955,1955,1891,1891,1989,1989,2005,2005,1890,1890,1931,1931,1925,1925,1896,1896
1863,1863,1896,1896,1931,1931,2011,2011,1928,1928,1849,1849,1967,1967,1977,1977,1877,1877
1885,1885,2004,2004,1809,1809,1806,1806,2043,2043,1874,1874,1796,1796,2032,2032,2034,2034
1888,1888,1964,1964,1913,1913,1786,1786,1898,1898,1918,1918,1774,1774,1899,1899,1961,1961
1899,1899,1917,1917,1921,1921,2042,2042,1982,1982,1943,1943,1916,1916,2040,2040,1971,1971
2235,2235,2077,2077,2135,2135,2132,2132,1966,1966,1977,1977,2212,2212,2328,2328,1972,1972
2540,2540,2516,2516,2393,2393,2288,2288,2578,2578,2404,2404,2596,2596,2634,2634,2565,2565
2953,2953,3070,3070,2990,2990,3008,3008,3126,3126,3039,3039,3097,3097,3182,3182,3139,3139
2768,2768,2841,2841,2708,2708,2740,2740,2935,2935,2823,2823,2872,2872,2974,2974,2950,2950
2211,2211,2529,2529,2112,2112,2385,2385,2168,2168,2182,2182,2218,2218,2088,2088,2536,2536
2095,2095,2211,2211,1912,1912,2013,2013,2075,2075,1928,1928,2158,2158,2010,2010,1937,1937
1768,1768,1863,1863,1907,1907,1957,1957,1997,1997,1985,1985,2036,2036,1952,1952,1785,1785
1893,1893,1977,1977,1967,1967,1875,1875,1894,1894,1968,1968,2009,2009,1981,1981,1710,1710
1824,1824,2020,2020,1997,1997,1919,1919,1801,1801,1933,1933,1788,1788,1844,1844,1868,1868
1939,1939,2058,2058,1773,1773,1927,1927,1936,1936,1856,1856,2017,2017,1855,1855,1846,1846
1894,1894,1961,1961,1915,1915,1960,1960,2072,2072,1910,1910,2016,2016,1886,1886,1939,1939
1993,1993,1994,1994,2003,2003,1938,1938,1999,1999,1853,1853,1952,1952,1823,1823,1993,1993
1958,1958,1944,1944,1964,1964,1898,1898,1929,1929,1889,1889,1905,1905,1925,1925,1750,1750
1842,1842,1952,1952,1890,1890,1810,1810,2000,2000,1988,1988,1913,1913,1931,1931,1823,1823
1920,1920,1835,1835,1822,1822,1975,1975,1971,1971,1929,1929,1904,1904,2067,2067,1911,1911
1916,1916,1811,1811,2144,2144,2115,2115,1997,1997,2003,2003,2143,2143,2177,2177,2053,2053
2453,2453,2246,2246,2353,2353,2312,2312,2186,2186,2131,2131,2362,2362,2595,2595,2237,2237
2884,2884,2870,2870,2788,2788,2808,2808,2860,2860,2819,2819,2892,2892,2991,2991,2909,2909
3023,3023,3052,3052,2978,2978,2952,2952,3153,3153,3065,3065,3112,3112,3233,3233,3161,3161
2827,2827,2857,2857,2726,2726,2767,2767,2951,2951,2835,2835,2896,2896,3009,3009,2973,2973
2238,2238,2494,2494,2167,2167,2257,2257,2137,2137,2132,2132,2138,2138,2075,2075,2496,2496
2090,2090,2094,2094,1731,1731,1999,1999,2177,2177,1933,1933,2139,2139,2075,2075,1979,1979
1948,1948,1930,1930,1921,1921,1811,1811,2006,2006,1912,1912,1892,1892,1872,1872,1795,1795
1900,1900,1747,1747,2131,2131,1881,1881,1906,1906,1913,1913,1926,1926,2089,2089,1880,1880
1954,1954,1918,1918,2118,2118,1939,1939,1966,1966,1978,1978,2000,2000,1934,1934,1986,1986
1865,1865,2015,2015,1995,1995,1950,1950,1962,1962,1854,1854,2012,2012,1919,1919,2009,2009
1834,1834,1900,1900,1991,1991,1955,1955,1790,1790,1995,1995,1993,1993,1858,1858,2019,2019
1968,1968,1935,1935,1982,1982,2016,2016,1914,1914,1979,1979,1820,1820,1786,1786,1989,1989
1943,1943,1788,1788,1974,1974,1840,1840,1904,1904,2030,2030,1942,1942,1864,1864,1856,1856
1889,1889,1878,1878,1901,1901,1966,1966,1964,1964,2000,2000,1940,1940,1891,1891,1923,1923
1992,1992,1924,1924,2041,2041,1937,1937,1958,1958,1709,1709,1792,1792,2052,2052,1926,1926
2081,2081,1892,1892,2232,2232,1995,1995,2004,2004,1875,1875,2096,2096,1975,1975,1986,1986
2411,2411,2116,2116,2269,2269,2130,2130,2202,2202,2157,2157,2216,2216,2570,2570,2183,2183
2822,2822,2845,2845,2757,2757,2796,2796,2927,2927,2832,2832,2899,2899,3040,3040,2918,2918
2747,2747,2921,2921,2825,2825,2728,2728,2874,2874,2881,2881,2790,2790,2932,2932,2940,2940
2548,2548,2755,2755,2542,2542,2535,2535,2661,2661,2632,2632,2569,2569,2698,2698,2725,2725
1974,1974,2214,2214,1868,1868,1982,1982,2136,2136,1991,1991,1995,1995,2026,2026,2258,2258
2049,2049,1892,1892,1764,1764,2035,2035,2101,2101,2019,2019,1900,1900,1871,1871,1980,1980
1952,1952,2014,2014,1845,1845,1965,1965,2070,2070,1955,1955,1889,1889,1883,1883,1791,1791
1941,1941,1900,1900,2003,2003,1808,1808,1999,1999,2052,2052,1886,1886,2051,2051,1849,1849
1980,1980,1874,1874,1997,1997,1826,1826,1907,1907,1996,1996,1917,1917,1979,1979,1931,1931
1828,1828,1950,1950,1977,1977,1913,1913,1978,1978,1857,1857,1932,1932,1753,1753,1979,1979
1907,1907,1862,1862,1879,1879,1935,1935,1890,1890,2017,2017,1763,1763,1921,1921,1961,1961
1983,1983,1837,1837,1966,1966,2024,2024,1930,1930,1876,1876,1827,1827,1939,1939,1915,1915
1949,1949,1782,1782,1955,1955,1754,1754,1873,1873,1906,1906,1923,1923,1990,1990,1863,1863
1986,1986,1429,1429,1938,1938,1992,1992,1803,1803,2011,2011,2038,2038,1893,1893,1768,1768
1979,1979,1948,1948,2003,2003,1939,1939,1835,1835,1891,1891,1967,1967,2019,2019,1856,1856
2077,2077,1956,1956,2160,2160,1852,1852,1974,1974,1989,1989,1982,1982,2006,2006,1911,1911
2167,2167,2033,2033,2100,2100,2005,2005,2023,2023,2106,2106,2021,2021,2298,2298,1946,1946
2500,2500,2670,2670,2618,2618,2478,2478,2595,2595,2697,2697,2510,2510,2762,2762,2722,2722
2544,2544,2680,2680,2553,2553,2542,2542,2587,2587,2642,2642,2595,2595,2600,2600,2664,2664
2330,2330,2431,2431,2305,2305,2365,2365,2385,2385,2414,2414,2403,2403,2418,2418,2443,2443
1864,1864,1986,1986,2038,2038,1890,1890,2075,2075,2072,2072,1891,1891,1964,1964,2019,2019
1956,1956,1918,1918,1984,1984,1832,1832,2009,2009,2019,2019,2034,2034,1814,1814,1974,1974
1822,1822,1866,1866,1876,1876,1854,1854,1992,1992,2004,2004,1987,1987,1758,1758,1874,1874
1933,1933,1932,1932,1941,1941,1877,1877,1909,1909,2054,2054,1901,1901,1932,1932,1939,1939
1927,1927,1937,1937,1896,1896,1775,1775,1847,1847,1938,1938,1807,1807,1833,1833,1760,1760
1969,1969,1889,1889,1821,1821,1860,1860,1899,1899,1980,1980,1906,1906,1825,1825,1868,1868
2002,2002,1812,1812,1936,1936,1883,1883,1685,1685,2034,2034,1831,1831,1838,1838,1903,1903
1915,1915,1747,1747,2038,2038,1892,1892,1910,1910,1970,1970,1877,1877,1749,1749,1957,1957
1946,1946,1881,1881,2092,2092,1879,1879,1918,1918,1919,1919,1851,1851,1977,1977,1893,1893
1961,1961,1934,1934,1958,1958,1744,1744,1838,1838,1990,1990,2050,2050,1978,1978,1993,1993
1922,1922,1929,1929,2003,2003,1924,1924,1919,1919,2015,2015,2016,2016,1908,1908,1992,1992
1933,1933,1975,1975,2021,2021,1966,1966,1865,1865,2033,2033,1881,1881,1961,1961,2031,2031
1957,1957,1984,1984,2022,2022,1894,1894,1804,1804,2010,2010,1869,1869,1963,1963,2064,2064
2334,2334,2476,2476,2399,2399,2342,2342,2343,2343,2433,2433,2385,2385,2447,2447,2465,2465
2844,2844,2780,2780,2798,2798,2845,2845,2668,2668,2702,2702,2672,2672,2793,2793,2854,2854
2631,2631,2583,2583,2624,2624,2639,2639,2496,2496,2472,2472,2443,2443,2558,2558,2618,2618
1933,1933,1970,1970,1978,1978,1957,1957,2001,2001,1990,1990,1996,1996,1914,1914,1826,1826
1848,1848,1850,1850,2035,2035,1936,1936,2033,2033,2059,2059,2059,2059,1888,1888,1912,1912
1870,1870,1933,1933,2020,2020,1818,1818,2006,2006,2073,2073,2044,2044,1759,1759,1890,1890
1933,1933,1886,1886,1977,1977,1915,1915,1937,1937,2036,2036,1912,1912,1837,1837,1803,1803
2022,2022,1992,1992,1938,1938,1922,1922,1900,1900,1868,1868,1906,1906,1843,1843,1913,1913
1940,1940,1968,1968,1888,1888,1864,1864,1832,1832,1915,1915,1907,1907,1932,1932,1868,1868
1891,1891,1911,1911,1885,1885,1828,1828,1755,1755,1933,1933,1946,1946,1839,1839,1950,1950
1827,1827,1898,1898,2004,2004,1781,1781,1845,1845,1923,1923,1897,1897,1950,1950,1971,1971
1877,1877,1959,1959,2074,2074,1827,1827,1663,1663,1831,1831,1895,1895,1751,1751,1876,1876
1925,1925,1975,1975,1980,1980,1835,1835,1868,1868,1988,1988,1950,1950,1860,1860,1982,1982
1891,1891,1967,1967,1762,1762,1916,1916,1928,1928,2091,2091,1920,1920,1909,1909,1930,1930
1972,1972,1961,1961,2012,2012,1787,1787,1856,1856,2031,2031,1867,1867,1968,1968,1828,1828
1898,1898,1966,1966,1997,1997,1903,1903,1910,1910,1698,1698,1915,1915,1994,1994,2070,2070
2635,2635,2586,2586,2532,2532,2591,2591,2425,2425,2456,2456,2464,2464,2582,2582,2664,2664
3072,3072,2929,2929,3002,3002,3012,3012,2971,2971,2899,2899,2955,2955,3038,3038,3040,3040
2847,2847,2707,2707,2791,2791,2828,2828,2762,2762,2700,2700,2791,2791,2793,2793,2824,2824
2185,2185,2001,2001,2140,2140,2341,2341,2081,2081,2172,2172,2161,2161,1967,1967,2125,2125
2171,2171,1867,1867,2052,2052,2056,2056,2102,2102,1983,1983,2048,2048,1874,1874,2043,2043
2105,2105,1984,1984,2068,2068,1876,1876,2066,2066,1951,1951,1933,1933,1968,1968,1997,1997
2007,2007,1969,1969,1831,1831,1896,1896,1922,1922,2011,2011,1867,1867,1939,1939,1896,1896
2155,2155,2042,2042,2012,2012,2070,2070,1927,1927,1915,1915,1883,1883,1998,1998,1943,1943
2101,2101,2106,2106,2074,2074,2032,2032,1938,1938,1932,1932,2111,2111,2072,2072,2019,2019
1968,1968,1930,1930,1884,1884,1824,1824,1937,1937,1814,1814,2073,2073,1926,1926,2055,2055
1904,1904,1900,1900,1916,1916,1801,1801,1959,1959,1957,1957,1978,1978,2085,2085,1982,1982
1636,1636,1965,1965,2057,2057,1877,1877,1857,1857,1990,1990,1895,1895,2032,2032,2021,2021
1913,1913,2020,2020,2114,2114,1862,1862,1946,1946,2042,2042,1972,1972,1908,1908,1929,1929
1999,1999,1996,1996,1841,1841,1880,1880,1907,1907,2154,2154,1896,1896,2156,2156,1758,1758
2077,2077,1952,1952,2002,2002,1906,1906,2014,2014,2187,2187,1816,1816,2145,2145,1904,1904
2254,2254,2186,2186,2149,2149,2179,2179,2122,2122,2251,2251,2218,2218,2152,2152,2122,2122
2895,2895,2747,2747,2796,2796,2770,2770,2770,2770,2586,2586,2726,2726,2850,2850,2832,2832
3043,3043,3031,3031,2944,2944,2958,2958,2967,2967,2955,2955,3008,3008,3049,3049,3033,3033
2812,2812,2788,2788,2635,2635,2777,2777,2790,2790,2754,2754,2857,2857,2773,2773,2818,2818
2259,2259,1962,1962,2091,2091,2297,2297,2064,2064,2249,2249,2270,2270,2186,2186,2273,2273
2195,2195,1946,1946,2154,2154,2089,2089,2153,2153,2047,2047,2061,2061,2122,2122,2181,2181
2073,2073,2124,2124,2048,2048,1851,1851,2008,2008,2063,2063,2078,2078,2069,2069,2169,2169
2025,2025,2097,2097,1967,1967,1940,1940,2010,2010,2088,2088,2043,2043,1974,1974,1999,1999
2259,2259,2141,2141,2021,2021,2213,2213,2080,2080,1926,1926,2007,2007,2045,2045,1964,1964
2231,2231,2200,2200,2101,2101,2070,2070,2051,2051,1899,1899,1950,1950,2110,2110,1915,1915
2001,2001,2082,2082,1927,1927,1769,1769,2020,2020,1992,1992,1886,1886,1978,1978,1995,1995
2083,2083,2016,2016,1944,1944,1980,1980,2078,2078,1951,1951,2034,2034,1991,1991,1887,1887
2010,2010,1909,1909,1946,1946,2101,2101,1932,1932,2015,2015,1950,1950,1957,1957,1802,1802
1980,1980,1938,1938,1961,1961,1949,1949,2007,2007,2061,2061,1989,1989,1854,1854,1920,1920
1866,1866,2017,2017,1916,1916,2042,2042,1959,1959,2181,2181,1765,1765,2172,2172,1900,1900
2150,2150,2054,2054,2006,2006,2120,2120,2012,2012,2280,2280,1892,1892,2119,2119,1974,1974
2313,2313,2265,2265,2276,2276,2226,2226,2148,2148,2337,2337,2206,2206,2274,2274,2069,2069
2860,2860,2833,2833,2765,2765,2776,2776,2766,2766,2747,2747,2754,2754,2871,2871,2811,2811
2791,2791,2743,2743,2646,2646,2753,2753,2816,2816,2794,2794,2855,2855,2924,2924,2834,2834
2537,2537,2294,2294,2377,2377,2448,2448,2629,2629,2556,2556,2681,2681,2709,2709,2576,2576
2199,2199,2008,2008,1972,1972,2066,2066,2115,2115,2182,2182,2143,2143,2163,2163,2281,2281
2224,2224,1984,1984,2109,2109,1964,1964,2214,2214,2077,2077,1996,1996,2154,2154,2133,2133
2074,2074,2107,2107,2016,2016,1951,1951,2084,2084,2012,2012,1956,1956,2032,2032,2135,2135
1929,1929,2048,2048,1729,1729,1870,1870,2076,2076,1970,1970,2105,2105,1988,1988,1925,1925
2162,2162,2132,2132,1926,1926,2227,2227,2055,2055,1860,1860,2140,2140,2093,2093,1715,1715
2069,2069,2099,2099,1876,1876,2084,2084,2097,2097,2021,2021,1935,1935,2024,2024,1910,1910
1843,1843,1956,1956,1953,1953,1888,1888,2078,2078,1895,1895,1782,1782,1972,1972,1943,1943
2111,2111,2095,2095,2016,2016,1968,1968,1972,1972,1786,1786,2032,2032,1766,1766,1915,1915
2087,2087,2004,2004,1962,1962,2053,2053,2081,2081,1936,1936,1965,1965,1783,1783,1920,1920
1893,1893,1899,1899,1990,1990,1840,1840,2080,2080,1981,1981,1954,1954,1909,1909,2030,2030
1973,1973,1948,1948,2033,2033,2054,2054,1984,1984,2041,2041,1994,1994,2048,2048,1838,1838
2087,2087,1950,1950,2105,2105,2120,2120,1876,1876,2097,2097,2004,2004,1995,1995,2023,2023
2072,2072,2044,2044,2103,2103,2108,2108,2031,2031,2157,2157,1956,1956,2129,2129,1976,1976
2586,2586,2549,2549,2551,2551,2595,2595,2622,2622,2563,2563,2649,2649,2750,2750,2646,2646
2767,2767,2773,2773,2751,2751,2808,2808,2843,2843,2788,2788,2852,2852,2777,2777,2862,2862
2509,2509,2588,2588,2512,2512,2622,2622,2664,2664,2613,2613,2579,2579,2558,2558,2714,2714
1951,1951,2004,2004,1860,1860,2102,2102,2028,2028,2043,2043,1940,1940,2019,2019,2134,2134
2132,2132,1986,1986,1926,1926,1752,1752,1953,1953,2023,2023,1985,1985,2003,2003,2024,2024
1994,1994,2044,2044,1916,1916,1967,1967,2090,2090,2042,2042,2030,2030,1965,1965,1927,1927
1945,1945,1888,1888,1948,1948,1871,1871,1999,1999,1897,1897,2068,2068,2008,2008,1771,1771
2022,2022,1918,1918,2042,2042,2035,2035,2035,2035,1915,1915,2085,2085,2014,2014,1862,1862
1876,1876,1856,1856,1924,1924,2011,2011,1920,1920,2086,2086,2095,2095,1976,1976,1872,1872
1977,1977,1907,1907,1906,1906,1979,1979,1908,1908,1897,1897,2055,2055,1985,1985,1896,1896
1827,1827,2053,2053,2050,2050,2040,2040,1960,1960,1878,1878,1828,1828,1772,1772,1879,1879
1975,1975,2071,2071,1926,1926,1970,1970,2024,2024,1865,1865,1967,1967,1862,1862,2008,2008
1926,1926,2035,2035,1926,1926,1916,1916,2043,2043,2030,2030,1863,1863,2032,2032,2007,2007
2080,2080,2034,2034,1800,1800,1944,1944,1997,1997,2008,2008,1891,1891,2086,2086,1791,1791
2031,2031,1818,1818,1843,1843,2054,2054,1959,1959,1935,1935,1883,1883,2112,2112,1811,1811
1906,1906,2042,2042,1893,1893,2018,2018,1862,1862,2000,2000,1962,1962,2049,2049,1980,1980
2477,2477,2613,2613,2566,2566,2614,2614,2603,2603,2587,2587,2648,2648,2585,2585,2623,2623
2730,2730,2698,2698,2602,2602,2743,2743,2733,2733,2760,2760,2760,2760,2770,2770,2776,2776
2487,2487,2517,2517,2337,2337,2560,2560,2525,2525,2562,2562,2518,2518,2554,2554,2557,2557
1958,1958,1899,1899,1910,1910,2033,2033,1844,1844,1931,1931,1973,1973,1796,1796,2059,2059
1997,1997,2045,2045,1916,1916,1894,1894,1936,1936,1959,1959,1976,1976,1989,1989,1968,1968
1968,1968,2014,2014,1981,1981,1865,1865,2011,2011,1900,1900,2029,2029,2022,2022,1895,1895
1963,1963,1840,1840,2004,2004,1836,1836,1975,1975,1876,1876,2020,2020,2109,2109,1736,1736
1827,1827,1828,1828,1902,1902,1937,1937,1994,1994,1804,1804,2054,2054,2079,2079,1867,1867
1954,1954,1915,1915,1997,1997,1960,1960,1953,1953,1829,1829,1972,1972,1932,1932,1898,1898
1930,1930,2038,2038,1840,1840,2014,2014,1844,1844,1812,1812,2019,2019,1982,1982,1961,1961
1964,1964,2030,2030,2044,2044,2079,2079,1990,1990,1855,1855,1804,1804,1908,1908,2066,2066
1909,1909,2003,2003,1880,1880,2074,2074,1946,1946,1853,1853,1982,1982,1822,1822,2065,2065
1914,1914,2040,2040,1885,1885,1921,1921,1919,1919,1915,1915,1957,1957,1954,1954,1833,1833
1876,1876,1980,1980,1740,1740,1975,1975,1791,1791,1946,1946,2016,2016,2106,2106,1949,1949
1814,1814,1933,1933,1995,1995,1982,1982,1923,1923,1949,1949,1982,1982,2088,2088,1939,1939
2013,2013,2020,2020,1976,1976,1838,1838,1983,1983,1845,1845,1958,1958,1954,1954,1888,1888
2509,2509,2470,2470,2410,2410,2536,2536,2483,2483,2546,2546,2520,2520,2528,2528,2503,2503
2960,2960,2926,2926,2962,2962,2891,2891,2946,2946,2886,2886,2924,2924,2874,2874,2844,2844
2712,2712,2721,2721,2739,2739,2688,2688,2733,2733,2705,2705,2711,2711,2706,2706,2611,2611
2016,2016,1840,1840,1986,1986,2054,2054,1833,1833,2050,2050,2004,2004,1883,1883,2018,2018
2033,2033,1893,1893,1803,1803,2062,2062,1848,1848,1960,1960,1897,1897,1986,1986,2064,2064
1911,1911,1950,1950,1968,1968,1999,1999,1901,1901,1984,1984,1852,1852,2064,2064,1991,1991
1771,1771,1941,1941,1988,1988,1785,1785,2072,2072,1948,1948,1842,1842,2091,2091,2038,2038
1842,1842,1784,1784,1930,1930,1833,1833,1972,1972,1972,1972,1958,1958,2038,2038,2002,2002
1797,1797,2017,2017,2005,2005,1883,1883,1878,1878,1955,1955,2006,2006,1953,1953,1912,1912
1950,1950,2046,2046,1883,1883,1897,1897,1879,1879,1879,1879,1975,1975,1987,1987,2049,2049
1947,1947,2043,2043,1930,1930,2055,2055,1998,1998,1835,1835,1726,1726,1959,1959,2089,2089
1930,1930,1953,1953,1830,1830,2096,2096,1962,1962,1825,1825,1831,1831,1712,1712,2083,2083
1992,1992,1936,1936,1899,1899,1883,1883,1941,1941,1910,1910,1936,1936,1947,1947,1973,1973
1861,1861,1939,1939,1760,1760,1931,1931,1862,1862,1773,1773,1990,1990,1977,1977,1798,1798
1867,1867,1879,1879,1963,1963,1975,1975,1752,1752,1787,1787,2059,2059,1790,1790,1831,1831
2014,2014,1807,1807,2015,2015,2079,2079,1882,1882,1876,1876,2045,2045,1855,1855,1922,1922
2771,2771,2702,2702,2743,2743,2674,2674,2721,2721,2641,2641,2709,2709,2613,2613,2631,2631
3172,3172,3158,3158,3164,3164,3099,3099,3103,3103,3127,3127,3143,3143,3087,3087,3075,3075
2941,2941,2946,2946,2930,2930,2868,2868,2881,2881,2917,2917,2936,2936,2891,2891,2847,2847
2086,2086,1969,1969,2083,2083,1997,1997,1926,1926,1955,1955,2160,2160,2133,2133,1935,1935
1885,1885,1913,1913,1887,1887,2050,2050,1913,1913,1935,1935,1954,1954,1650,1650,2050,2050
1902,1902,1946,1946,1858,1858,2013,2013,1898,1898,1937,1937,1980,1980,1923,1923,1980,1980
1932,1932,1886,1886,1965,1965,1938,1938,1982,1982,2021,2021,1987,1987,1951,1951,1927,1927
1830,1830,1907,1907,1865,1865,1924,1924,1914,1914,1986,1986,1783,1783,1957,1957,1912,1912
1844,1844,1816,1816,1957,1957,1807,1807,2020,2020,1917,1917,1939,1939,2008,2008,1909,1909
1769,1769,1934,1934,1930,1930,2030,2030,2064,2064,1870,1870,1999,1999,1971,1971,1987,1987
1932,1932,2015,2015,1887,1887,2139,2139,1973,1973,1713,1713,1904,1904,1827,1827,1965,1965
2005,2005,1974,1974,1898,1898,2088,2088,1991,1991,1852,1852,1854,1854,1806,1806,1978,1978
2008,2008,1925,1925,1837,1837,1921,1921,1974,1974,2028,2028,1946,1946,1902,1902,1928,1928
1818,1818,1797,1797,1924,1924,1911,1911,1833,1833,1998,1998,1969,1969,1842,1842,1874,1874
1954,1954,1903,1903,1963,1963,1821,1821,1975,1975,1732,1732,2117,2117,2043,2043,1871,1871
2094,2094,1983,1983,1912,1912,2120,2120,1945,1945,1910,1910,2167,2167,1957,1957,2032,2032
2969,2969,2921,2921,2949,2949,2886,2886,2870,2870,2893,2893,2935,2935,2845,2845,2840,2840
3090,3090,3129,3129,3088,3088,3092,3092,3127,3127,3093,3093,3103,3103,3062,3062,3139,3139
2872,2872,2917,2917,2849,2849,2863,2863,2900,2900,2890,2890,2883,2883,2857,2857,2925,2925
2092,2092,1976,1976,2122,2122,2051,2051,2052,2052,2044,2044,2100,2100,1993,1993,1809,1809
1914,1914,2039,2039,1979,1979,2055,2055,1940,1940,1947,1947,1962,1962,1884,1884,2030,2030
2030,2030,2007,2007,1884,1884,1820,1820,1833,1833,1801,1801,2054,2054,1926,1926,1845,1845
1967,1967,1822,1822,2023,2023,1832,1832,1958,1958,2016,2016,1980,1980,1862,1862,1845,1845
1773,1773,1932,1932,2011,2011,1799,1799,1957,1957,2032,2032,1867,1867,1876,1876,1880,1880
1859,1859,1965,1965,1999,1999,1855,1855,2060,2060,1908,1908,1943,1943,1889,1889,1856,1856
1857,1857,1904,1904,1928,1928,2045,2045,2074,2074,1811,1811,1974,1974,2022,2022,1994,1994
1921,1921,1878,1878,1972,1972,2064,2064,1825,1825,1801,1801,1918,1918,1888,1888,1980,1980
1879,1879,1994,1994,1995,1995,2043,2043,1925,1925,1929,1929,1770,1770,1917,1917,2023,2023
1975,1975,2023,2023,1908,1908,1974,1974,1957,1957,2020,2020,1926,1926,1979,1979,2047,2047
1763,1763,1881,1881,2006,2006,1972,1972,1817,1817,2026,2026,1959,1959,1836,1836,1960,1960
1916,1916,1995,1995,1994,1994,1895,1895,2003,2003,1909,1909,2113,2113,1985,1985,1905,1905
2047,2047,1978,1978,1891,1891,2071,2071,2017,2017,2080,2080,2125,2125,2016,2016,2099,2099
2892,2892,2903,2903,2878,2878,2871,2871,2898,2898,2856,2856,2897,2897,2818,2818,2887,2887
2941,2941,2846,2846,2943,2943,2932,2932,2908,2908,2931,2931,2972,2972,3047,3047,2812,2812
2727,2727,2655,2655,2722,2722,2713,2713,2652,2652,2720,2720,2712,2712,2833,2833,2608,2608
2043,2043,2064,2064,2024,2024,1935,1935,1866,1866,1916,1916,1891,1891,1817,1817,1859,1859
1868,1868,2047,2047,1972,1972,2036,2036,1895,1895,1683,1683,1925,1925,1955,1955,1889,1889
1968,1968,2010,2010,1862,1862,1955,1955,1905,1905,1938,1938,1961,1961,1913,1913,1785,1785
1891,1891,1990,1990,1943,1943,1931,1931,2007,2007,1829,1829,1646,1646,1899,1899,1789,1789
1787,1787,1954,1954,1859,1859,1923,1923,1887,1887,1831,1831,1766,1766,1883,1883,1782,1782
1862,1862,1958,1958,1884,1884,1953,1953,1982,1982,1800,1800,1789,1789,1878,1878,1874,1874
1896,1896,1862,1862,1969,1969,2041,2041,2039,2039,1776,1776,1950,1950,1988,1988,2031,2031
1671,1671,1958,1958,1912,1912,1944,1944,1875,1875,1941,1941,2012,2012,1987,1987,2079,2079
1873,1873,1941,1941,1934,1934,1854,1854,1983,1983,1958,1958,1844,1844,1961,1961,1945,1945
1916,1916,1946,1946,1862,1862,1791,1791,1952,1952,1849,1849,1782,1782,1995,1995,1974,1974
1683,1683,1954,1954,1945,1945,1876,1876,1852,1852,1885,1885,1986,1986,1833,1833,1956,1956
1871,1871,1983,1983,1932,1932,1974,1974,1888,1888,1949,1949,2061,2061,1659,1659,1943,1943
2080,2080,2039,2039,1974,1974,1952,1952,1976,1976,2003,2003,2132,2132,1930,1930,2109,2109
2704,2704,2595,2595,2719,2719,2689,2689,2726,2726,2683,2683,2788,2788,2794,2794,2699,2699
